#bin	ch	sum	cnt
81636	13	11.24986059	1
81635	201	42.52083081	2
81635	128	22.59092004	2
81635	246	88.67460364	2
81635	43	46.52583951	2
81635	125	47.51808612	2
81635	107	44.24234373	1
81635	251	10.7400121	1
81635	11	67.87981619	1
81635	148	47.57771249	2
81635	62	46.25774123	2
81635	61	10.20309464	1
81635	44	23.89456072	2
81635	249	26.52442526	2
81635	236	12.29014849	1
81635	8	11.74492969	1
81635	123	222.7629164	6
81635	122	39.6485137	2
81635	145	22.7405176	2
81635	254	13.93729204	1
81635	214	129.216119	5
81635	14	27.7075475	2
81567	249	224.2579933	8
81567	163	64.68658404	2
81614	260	1006.428336	88
81625	0	69.67076582	4
81567	192	281.8159294	11
81568	152	11.60579039	1
81625	104	10.93577076	1
81566	261	35.97584191	3
81568	92	38.87461191	2
81556	188	263.1480833	4
81557	224	46.45270623	4
81625	55	21.1978883	2
81567	235	101.3028077	5
81564	105	13.99198312	1
81613	136	12.06250571	1
81556	183	49.4920067	4
81564	183	35.30291449	3
81630	128	14.57314916	1
81620	41	80.29833603	2
81613	130	32.54628811	2
81618	258	123.5448153	2
81615	83	20.56151056	2
81631	234	48.75968657	2
81565	246	199.7331608	9
81568	238	24.84951331	2
81627	169	23.27930292	2
81567	224	217.2404077	5
81567	52	60.44560054	5
81566	178	378.1297317	30
81568	209	114.7051269	6
81613	224	10.36354697	1
81613	180	22.257348	2
81615	129	15.59011414	1
81565	110	199.9096211	10
81630	96	37.90901267	2
81635	141	28.71775838	2
81635	97	10.50538188	1
81568	195	92.38546245	5
81613	120	67.38341715	2
81566	59	153.1478281	7
81627	259	15.78203756	1
81556	145	287.9977534	4
81613	15	51.95187526	3
81568	217	27.73089021	2
81627	193	20.79318095	2
81565	162	24.45845447	1
81613	4	65.9602646	2
81630	138	25.83767956	2
81621	33	27.0906524	2
81567	217	10.04790503	1
81615	54	16.21959464	1
81633	269	94.08135444	2
81613	96	25.35485921	2
81566	89	80.56186038	7
81615	271	19027.82535	1715
81635	81	28.08372601	2
81615	0	27.8760929	2
81626	120	166.2340626	8
81619	178	35.07375526	3
81613	182	10.37621561	1
81565	163	13.34895461	1
81567	157	170.0849106	8
81614	123	84.52594069	3
81623	3	26.30048427	2
81625	67	242.4820299	4
81618	145	55.01675121	2
81568	269	111.1396578	3
81624	28	49.80832071	3
81632	124	44.09343163	2
81564	263	25.35064596	2
81613	37	18.36038477	1
81624	247	529.7456119	5
81613	147	17.26921441	1
81623	63	30.89723884	2
81615	116	10.27797064	1
81613	11	27.82548249	1
81614	186	129.1417245	4
81567	128	212.3718338	12
81568	266	75.85790334	3
81627	13	42.00404354	2
81617	72	14.53960665	1
81633	239	49.10215433	2
81626	6	11.03189055	1
81615	16	75.02788641	2
81616	210	95.99893696	4
81621	141	13.22106687	1
81564	77	165.5516638	7
81615	254	36.49843406	2
81616	113	25.25865956	2
81615	171	16.46697642	1
81565	91	15.67809721	1
81568	134	291.9091347	14
81619	117	115.4068621	4
81628	40	179.8501068	2
81633	0	36.6379394	1
81617	215	320.8988625	5
81615	92	88.97744188	2
81616	51	28.40650562	2
81567	184	254.4167651	14
81619	194	23.97292671	2
81556	233	53.87684919	4
81567	96	68.39363372	3
81624	50	201.2441483	3
81564	168	234.5261322	10
81614	88	10.35498019	1
81616	45	18.97182896	1
81625	219	26.03928678	1
81614	138	29.04966063	1
81633	141	28.06668962	2
81614	100	23.3952205	1
81629	147	14.09390907	1
81565	161	870.0508928	80
81615	151	35.74519726	2
81614	131	142.3390237	2
81634	178	59.20101965	3
81568	179	1174.896222	90
81565	103	173.0038156	3
81565	84	288.1462986	10
81566	239	164.1202145	4
81624	253	129.3584401	4
81568	161	731.6229436	67
81566	142	426.1737518	12
81621	166	27.06032429	2
81615	183	10.61049193	1
81629	8	91.31211895	2
81565	63	128.6957153	5
81568	270	151.8968504	8
81617	55	32.29696465	3
81627	78	10.63178644	1
81621	55	35.15999986	3
81567	86	172.098583	7
81630	69	114.7768768	10
81631	28	22.61037774	2
81567	206	162.5260773	13
81617	0	24.21250046	1
81617	35	52.36511679	2
81631	144	29.66214476	2
81631	186	10.09816545	1
81568	129	339.077941	11
81567	198	97.37747246	6
81567	90	11.07158828	1
81568	219	62.29968622	4
81565	247	106.1560783	2
81624	48	238.0931041	4
81568	221	34.86895442	2
81615	263	10.50701121	1
81621	41	50.17464915	2
81567	219	148.6596147	5
81565	250	97.15372189	5
81568	153	61.39293529	4
81620	113	57.17135728	2
81614	135	44.36480504	3
81618	91	16.01904778	1
81631	73	12.18305767	1
81565	62	270.2612229	11
81564	174	203.8917686	16
81618	130	25.86520296	2
81630	184	32.08753604	2
81557	160	112.3961739	4
81633	233	99.83353301	3
81634	42	28.50624522	2
81566	144	58.61203901	3
81632	161	164.8802286	2
81632	130	36.54817826	2
81557	65	22.22933603	2
81618	71	29.0586044	2
81564	146	93.84009472	3
81568	85	129.5487774	6
81620	106	22.69438583	2
81565	254	162.0420725	9
81631	107	10.56963312	1
81615	80	10.5368748	1
81619	20	10.27580136	1
81567	241	14.57748843	1
81616	170	146.7845436	3
81629	4	23.36713786	2
81619	77	30.94266286	2
81620	118	40.2277869	3
81566	76	89.48938871	6
81617	101	214.0212473	2
81633	258	13.92899065	1
81618	135	42.18937758	2
81568	146	63.17189462	4
81565	231	136.343537	7
81632	145	20.39829396	1
81568	120	121.103723	7
81565	271	196441.4425	17935
81568	121	111.5337957	8
81564	215	43.58564184	3
81615	214	231.2351495	7
81616	189	10.023194	1
81625	8	13.64032174	1
81614	95	10.64190626	1
81632	176	11.26357256	1
81616	88	14.13148704	1
81614	27	25.25212087	2
81564	154	47.17783252	2
81566	174	302.7821147	24
81568	58	184.8964141	4
81564	149	68.45449676	2
81623	110	10.63619766	1
81556	74	121.9658772	4
81624	262	26.15492756	2
81628	256	25.26352509	2
81623	123	33.6111331	3
81567	209	117.906811	6
81634	204	31.14422941	2
81565	185	100.3586495	8
81615	266	44.42585306	2
81624	174	93.09286717	9
81568	167	12.07256023	1
81566	234	67.12871767	4
81636	44	14.22140906	1
81621	176	39.98835428	2
81568	271	112064.4404	10252
81568	104	130.0106201	7
81625	174	194.5550768	17
81614	129	25.67687476	2
81617	202	23.74243985	1
81625	135	15.66880625	1
81567	203	50.35245245	4
81616	3	28.22510756	2
81624	200	39.27363175	2
81620	74	26.80236189	2
81626	184	10.82266572	1
81568	190	24.0815565	2
81568	135	283.3077498	11
81632	131	98.37586599	4
81565	112	52.54176768	3
81627	150	12.15120857	1
81621	80	23.09845737	2
81568	154	16.69518077	1
81627	231	16.94184879	1
81565	78	28.20629549	2
81613	77	14.80507116	1
81613	260	506.0602004	44
81568	117	10.59336187	1
81621	88	10.29946327	1
81567	250	76.01196391	5
81627	55	328.8030269	7
81615	86	29.61052274	2
81564	127	99.72580372	6
81619	246	10.04456754	1
81568	107	49.41407275	4
81567	173	85.17294376	6
81564	167	294.5723899	13
81628	55	10.67018965	1
81616	56	48.74861967	1
81620	57	200.0911108	4
81568	220	53.92200879	4
81615	73	10.06264262	1
81564	269	25.41941202	2
81622	204	30.49668442	2
81614	212	10.02119846	1
81617	94	83.22214635	2
81567	66	52.95704751	3
81565	201	451.8682031	9
81618	29	11.42967641	1
81614	49	129.1860147	4
81620	260	316.4564575	27
81633	117	33.09105821	2
81627	252	123.4837311	4
81564	123	137.0608385	12
81565	140	308.3277724	6
81568	178	139.333318	9
81629	89	12.67450653	1
81614	59	10.24101992	1
81566	81	336.5476008	9
81618	44	46.70935302	3
81625	137	143.6011012	3
81568	245	21.64450878	2
81630	194	53.09781674	3
81566	55	303.6856306	18
81613	138	82.08258918	2
81614	56	25.02528287	2
81615	63	12.88196191	1
81568	268	159.7865336	7
81567	91	170.57748	9
81564	49	66.85722139	3
81633	47	37.09587977	3
81568	144	67.87932842	4
81632	76	178.0793703	4
81568	132	35.83606071	2
81564	87	41.58687621	3
81568	237	12.42962091	1
81566	139	56.0778734	2
81635	237	30.40670218	2
81566	216	16.71583049	1
81630	94	11.03717882	1
81631	141	11.78534201	1
81620	196	22.00834199	2
81626	100	144.5128619	5
81567	80	65.38443144	3
81626	97	96.4237928	5
81631	260	238.5714958	21
81618	246	132.1735116	7
81564	66	96.12778731	4
81631	246	21.85210576	2
81629	150	41.99303727	3
81629	1	10.7762211	1
81614	174	211.7639372	18
81568	264	28.28345162	2
81616	82	23.94103071	2
81622	15	53.62497895	2
81557	185	52.39883825	3
81630	0	87.99659736	2
81630	140	48.36741249	3
81629	85	22.33042772	2
81624	222	10.03413739	1
81566	49	124.7783377	8
81568	131	92.40979049	3
81632	260	606.4314983	55
81630	145	28.96321611	2
81625	172	75.23836658	2
81635	67	11.35164944	1
81557	197	57.6206991	4
81623	9	12.89079173	1
81633	190	11.84845586	1
81615	187	10.37081865	1
81629	154	38.54973336	2
81565	59	177.9904078	3
81615	154	15.94427134	1
81556	51	224.6044428	6
81624	27	50.3144535	3
81564	243	133.3423207	9
81564	160	39.18306321	3
81621	201	13.02611854	1
81613	198	91.92053242	2
81622	76	90.89398156	3
81614	202	25.61825466	2
81566	65	71.43796752	4
81634	14	39.18555639	2
81614	69	98.26255259	9
81557	174	228.5908322	22
81568	246	223.0226109	11
81566	115	117.3661733	4
81627	137	251.9291528	5
81634	35	64.77902417	3
81622	126	28.81654666	2
81567	116	147.2898897	7
81617	219	337.5647079	5
81616	159	33.69735639	2
81619	68	12.24677581	1
81631	129	25.21429828	2
81626	141	29.42705293	1
81624	133	40.07140334	2
81567	182	123.5162514	7
81624	212	297.2618805	6
81633	216	32.56920024	2
81627	236	54.90306332	2
81625	254	39.63175172	3
81633	150	23.14054654	2
81565	199	87.30882786	5
81568	200	350.2354557	7
81628	10	30.46128888	2
81564	202	372.4581647	10
81565	132	36.2616601	3
81565	209	164.5418724	7
81633	108	15.1441085	1
81623	126	11.86135158	1
81566	265	83.93894489	4
81566	171	12.85299436	1
81617	243	120.7040899	11
81616	256	36.10160384	3
81564	245	10.69625118	1
81567	257	49.77736456	4
81625	4	189.0379962	3
81556	58	150.3422223	4
81566	206	118.2308759	7
81617	120	96.02731946	3
81626	142	10.90276815	1
81564	231	26.55557458	2
81567	221	171.9590146	5
81613	142	60.1880142	3
81568	201	283.5101421	5
81620	168	19.80460644	1
81565	228	115.9463674	7
81620	60	97.07233546	3
81619	243	73.46997792	7
81632	246	11.17430171	1
81621	245	15.1785018	1
81564	187	54.54427346	3
81634	260	558.4702403	47
81615	268	24.34177827	1
81628	135	125.887569	3
81568	173	62.82426521	5
81566	243	282.3108238	18
81620	148	68.77037125	3
81566	232	158.9146075	4
81624	66	571.132671	8
81628	12	73.35813805	3
81564	170	69.13584191	3
81616	128	11.12255114	1
81564	256	164.4776242	7
81567	114	270.5214554	9
81633	116	13.59754841	1
81621	63	18.86776464	1
81631	116	64.89768944	2
81567	136	147.5243609	6
81557	122	47.60175627	2
81634	123	34.84191883	3
81567	124	15.03931795	1
81623	38	12.28418067	1
81557	108	22.43790121	2
81617	131	52.92141634	2
81634	179	149.7374081	10
81624	65	704.0036876	6
81567	85	11.17605631	1
81623	259	43.23625903	3
81568	69	294.8378055	25
81566	271	196238.1629	17895
81628	74	33.4782352	2
81622	246	18.69224322	1
81556	130	23.5798419	2
81635	85	24.82241524	2
81635	33	1140.936545	8
81564	182	45.94569303	1
81617	3	27.81255188	2
81625	66	207.0188451	4
81565	60	270.9486823	9
81614	24	74.54839471	2
81614	162	55.86190202	4
81621	19	9626.734909	894
81564	52	122.8235639	6
81566	213	13.50330062	1
81633	142	24.09105481	2
81621	131	33.12132477	2
81621	179	91.66344765	8
81628	209	21.69054384	2
81624	252	43.63392996	2
81624	250	211.2550232	3
81620	141	189.3477723	2
81625	239	23.49268727	2
81631	255	19.41011785	1
81566	56	72.60885617	5
81621	133	25.92719711	2
81565	164	43.93896713	3
81620	147	43.90710551	2
81632	137	40.64445684	3
81564	163	23.67962989	2
81618	137	183.0954486	3
81615	217	29.92040862	2
81635	29	13.61529395	1
81622	79	62.85875683	2
81618	4	86.10945395	2
81565	128	399.4660707	11
81630	260	178.8751204	16
81615	152	23.94628399	2
81635	247	10.47299174	1
81632	43	49.56452544	3
81613	139	138.8488048	2
81621	57	50.30596339	2
81565	154	96.27577626	6
81557	79	253.2147699	6
81621	271	23711.94562	2114
81568	133	235.0669285	10
81566	77	209.6785528	8
81619	55	289.4848929	8
81617	128	122.1652925	3
81627	110	32.78214287	2
81615	10	10.66518811	1
81628	137	35.1180616	3
81634	34	34.40989467	2
81564	260	252.9340133	14
81614	7	27.30979046	2
81626	134	232.3756204	3
81621	248	29.21148002	2
81557	147	96.67386748	4
81632	83	21.509712	2
81565	207	1606.272721	12
81621	246	21.11203268	2
81614	145	12.43815559	1
81566	245	61.43506358	4
81633	100	26.57539752	1
81634	172	39.65077399	2
81566	75	147.0260589	7
81614	50	43.56497333	2
81634	246	58.25648508	4
81567	255	105.2366272	7
81615	235	56.51120235	4
81566	198	139.6773831	7
81565	260	457.8042636	19
81564	216	76.66513958	3
81634	237	66.40672509	4
81614	148	36.357697	2
81622	87	159.4385123	2
81625	20	14.43602253	1
81622	77	63.25510729	3
81568	95	115.8921856	3
81564	100	71.78458161	4
81556	83	43.07952576	4
81565	224	123.5676144	7
81633	153	35.55066986	2
81629	253	47.3856543	2
81566	111	67.30495908	3
81557	123	54.99400249	2
81564	81	83.9108751	5
81566	80	55.3792388	4
81564	261	77.00633355	5
81634	121	13.0515207	1
81557	93	48.234407	4
81616	121	43.29296349	2
81567	162	145.8148686	4
81566	266	41.96814316	3
81564	177	22.06481499	2
81622	174	93.29918239	9
81566	78	121.3522749	8
81632	37	21.60978911	2
81622	99	86.23043526	2
81565	83	646.3189316	30
81627	214	11.49741253	1
81556	236	46.98714264	4
81627	269	33.81040528	2
81632	171	84.53821843	2
81629	2	144.1588585	3
81567	263	136.839159	7
81627	170	18.53123008	1
81568	68	286.5371119	8
81628	259	116.1372214	5
81626	195	31.09596353	2
81568	130	108.0715636	4
81564	196	386.2181396	10
81620	255	91.30781569	4
81616	172	10.9292839	1
81624	19	12447.70213	1157
81627	124	13.80581897	1
81624	152	31.34258982	2
81619	118	243.8135356	3
81624	59	102.8583847	4
81613	68	45.57628311	2
81565	122	264.0698082	6
81624	52	219.486231	3
81565	218	52.38277407	3
81626	263	246.4967858	5
81567	118	238.6570762	9
81567	82	1403.512152	11
81620	104	14.16246133	1
81556	54	316.8297927	4
81565	127	307.3542677	14
81633	234	10.20054402	1
81634	131	10.50057778	1
81556	161	47.51922897	4
81566	63	64.46498555	4
81568	235	116.0418606	2
81616	30	92.05386079	2
81629	267	11.81596266	1
81633	124	10.23231595	1
81629	220	23.70741081	2
81564	224	89.3273232	6
81631	88	11.69822955	1
81633	59	12.9316102	1
81629	76	280.5327024	5
81618	36	10.92336658	1
81614	182	10.17752575	1
81633	226	15.81562587	1
81633	3	31.1790662	2
81629	113	28.84704574	1
81567	181	105.0885233	4
81627	260	215.1102872	19
81620	152	39.26530692	2
81616	19	5645.604284	528
81622	124	74.89010515	4
81623	83	134.3907165	7
81566	166	33.72429421	3
81564	150	20.99044972	1
81557	170	76559.28394	7146
81564	271	154190.4572	14051
81566	226	44.58193169	2
81619	83	65.70522822	6
81624	121	13.56450956	1
81619	111	10.70622769	1
81557	131	20.12745944	2
81556	156	42.61005697	4
81557	128	11.77223029	1
81564	247	23.82319131	1
81568	181	51.76380235	3
81566	181	46.14812048	4
81621	111	41.56313117	1
81620	139	22.51722854	2
81564	118	106.4917173	5
81618	235	13.26956517	1
81621	105	15.5590775	1
81630	126	10.48315869	1
81633	161	34.0649554	2
81565	258	10.62100672	1
81568	165	64.45255741	4
81568	93	78.38855798	4
81614	55	60.54343849	5
81621	117	21.9642224	2
81615	255	52.11620334	4
81566	86	99.00333832	5
81568	260	195.5383232	9
81625	243	85.71996884	8
81633	224	25.57766913	2
81565	230	90.02288864	4
81623	108	41.569022	2
81565	251	19.19973012	1
81622	16	223.3906507	4
81629	11	31.83622854	2
81633	196	41.91817328	3
81566	200	155.3641065	5
81627	38	26.00850413	1
81627	48	10.18845161	1
81568	194	87.87622097	6
81619	13	11.55385655	1
81565	193	1644.000279	121
81557	218	10.56025194	1
81634	97	64.77529233	4
81564	92	69.29467485	4
81564	58	77.19546698	2
81568	87	207.3168933	8
81616	63	13.38032685	1
81556	135	29.47180907	2
81556	75	182.9943361	6
81616	26	12.90121069	1
81568	75	225.5596894	3
81616	101	17.79180489	1
81566	135	293.8911435	12
81619	188	17.25645264	1
81564	116	126.8826833	5
81624	151	11.11573142	1
81557	88	126.8332735	4
81621	259	11.33629727	1
81633	5	10.77649451	1
81565	262	145.5135288	6
81630	24	13.06069523	1
81616	143	21.05876866	1
81566	225	53.89351869	4
81618	255	58.04504134	2
81620	231	24.86872213	1
81634	182	60.19426783	2
81615	259	26.77338128	2
81616	181	103.2385577	2
81620	81	60.79598959	2
81564	199	191.0460469	9
81629	124	10.05808097	1
81557	249	234.6507804	3
81630	101	16.35765458	1
81620	149	13.83584841	1
81564	76	71.29140003	2
81556	113	238.934206	6
81568	226	18.41350502	1
81620	176	20.90107602	1
81556	179	561.3307532	52
81564	162	86.22649366	7
81617	4	10.27724527	1
81566	148	90.50725678	3
81614	242	11.74748916	1
81624	257	352.6503518	4
81614	262	47.35086129	3
81566	157	13.30939598	1
81564	136	36.11942047	3
81564	71	49.06451175	3
81620	36	51.30996061	1
81613	6	27.08925765	2
81625	223	21.96774798	1
81630	219	52.69273711	2
81568	63	128.3397633	5
81613	271	15459.69551	1382
81566	186	17.37691381	1
81615	4	22.57815245	1
81565	93	53.02825202	2
81568	124	44.96481004	3
81568	177	79.05536025	5
81568	215	40.53232551	3
81564	96	85.82852849	4
81564	80	54.25006336	3
81568	66	72.98844908	4
81568	182	181.2967241	8
81620	228	10.16545988	1
81568	48	63.88653293	3
81565	115	155.1289459	5
81566	247	45.7453084	3
81624	260	722.6234308	32
81626	127	128.9981618	3
81568	139	109.7231977	5
81567	89	26.26230538	2
81565	102	277.9238518	10
81617	129	194.4155888	3
81565	266	235.7229409	14
81556	142	565.5015907	8
81566	123	231.3297794	12
81567	59	37.12905273	3
81630	76	10.24413615	1
81567	67	249.9286772	6
81616	70	16.26363222	1
81626	107	23.84240697	1
81567	252	56.38649981	3
81568	196	202.8285954	9
81616	257	63.63338826	4
81625	14	11.3396892	1
81613	26	11.12141497	1
81628	247	57.93202595	2
81621	83	32.10300047	3
81567	61	147.6581701	2
81614	244	16.46396926	1
81614	196	92.31103968	1
81622	188	10.51472017	1
81567	122	106.051008	6
81565	50	456.0781895	12
81627	263	147.3064802	2
81634	120	20.92439245	1
81566	196	184.4352958	8
81565	155	37.29142787	2
81615	17	70.67227224	2
81566	212	22.90115635	2
81564	75	41.21803028	3
81634	181	27.08528223	2
81613	108	23.65226754	2
81634	106	176.2865504	2
81566	185	143.264666	4
81623	268	40.70418899	2
81567	160	61.28322333	2
81624	242	165.0703214	3
81624	42	52.50525301	2
81620	120	10.51567384	1
81567	222	74.30173617	5
81620	13	43.97853218	2
81620	111	15.1513562	1
81635	80	15.07881844	1
81632	55	30.50003239	2
81568	184	202.3360781	5
81568	169	22.28472543	2
81630	179	73.57064905	7
81565	73	73.89830551	4
81564	225	11.93607999	1
81623	174	73.31717837	7
81567	79	192.1820407	7
81568	136	114.9457022	6
81635	157	27.66634248	2
81566	190	695.0890102	10
81568	202	290.6472638	5
81630	202	22.52219396	2
81568	100	69.18633722	4
81617	53	50.79766599	2
81614	126	10.3503081	1
81557	203	11.03795291	1
81622	193	95.4507548	8
81613	18	11.47203385	1
81556	178	21.28927253	2
81630	229	23.21536765	1
81620	182	25.91466623	2
81632	2	134.8886637	2
81620	69	43.46604858	4
81615	218	28.82748445	1
81566	188	234.9523417	7
81564	55	282.7961888	12
81567	99	25.87248792	2
81566	97	463.7807849	13
81614	268	14.93522348	1
81568	162	87.90971122	2
81566	138	216.1446267	11
81613	162	15.66361381	1
81566	71	26.87455419	2
81568	253	152.0629485	8
81556	49	21.00998271	2
81567	208	42.88959036	2
81567	81	139.3396007	6
81619	54	68.07552929	2
81564	179	1603.347116	143
81620	8	11.13408269	1
81631	100	19.98456481	1
81568	157	45.66735219	2
81565	121	263.8614214	4
81557	140	50.93783446	1
81624	191	12.17772408	1
81565	171	104.2885133	7
81632	35	14.45905106	1
81568	109	121.2401373	5
81623	6	25.88509947	2
81568	62	115.0141744	6
81626	207	40.53987541	2
81624	23	28.57016539	2
81564	152	59.16125601	3
81613	62	11.73500414	1
81618	158	10.5843081	1
81566	114	168.3910576	5
81633	13	69.96955885	4
81566	50	41.75948146	3
81632	120	27.35386554	2
81631	111	90.11746786	6
81564	169	171.2924193	5
81620	256	11.09222104	1
81567	133	142.9943703	5
81625	248	191.8372761	5
81623	137	12.20451958	1
81617	199	71.37620985	4
81616	4	12.99618377	1
81626	19	8745.311689	815
81635	91	27.19669867	2
81632	58	23.1352478	1
81568	243	76.51409946	6
81564	218	130.9892563	7
81620	107	126.8957304	2
81556	77	20.1097184	2
81630	121	46.69378633	2
81566	51	28.02343693	2
81614	267	55.43242821	2
81623	134	41.58746302	2
81565	221	140.9894221	4
81566	218	62.41257715	2
81631	251	47.88702859	2
81632	110	10.67452142	1
81566	102	232.2893075	6
81557	75	182.2297009	4
81565	177	424.5942212	9
81566	82	343.6003564	14
81567	247	106.5971174	7
81566	177	70.17644036	5
81568	204	196.7988735	4
81556	242	239.2557452	8
81565	145	99.24753232	3
81613	125	27.75628064	2
81635	134	17.2015642	1
81564	236	42.50448712	3
81567	144	101.5921349	2
81632	214	37.7612534	2
81564	253	14.49032585	1
81634	10	44.1698885	2
81622	41	14.71808624	1
81557	225	97.81052949	6
81618	45	21.03509048	1
81567	202	184.2059276	12
81618	27	46.24431998	3
81632	134	10.92130195	1
81633	236	32.69659156	2
81567	194	81.63904973	3
81615	7	92.74716974	2
81632	6	11.15815579	1
81635	241	27.01992107	2
81568	82	188.3343618	5
81629	68	23.63454692	2
81567	207	19.00597855	1
81622	186	70.3078958	2
81633	7	18.40858833	1
81615	219	13.2541509	1
81615	19	4519.625172	424
81568	244	91.24023783	4
81621	116	61.93348945	2
81567	259	119.3037891	6
81557	265	126.512288	4
81568	126	85.19783102	7
81632	158	48.74561814	2
81620	94	107.1734944	2
81567	113	152.3265997	5
81619	108	91.84422102	2
81568	256	47.1699753	3
81616	90	11.83300602	1
81624	115	30.98666328	2
81634	232	22.38554356	1
81567	143	75.10151844	5
81624	223	74.55556515	4
81613	213	38.67219193	3
81634	233	49.68249591	3
81614	107	71.49336794	2
81620	158	44.52544754	2
81564	60	95.35500653	5
81564	48	62.34853379	4
81621	113	10.92402969	1
81618	194	10.02716132	1
81634	136	11.12693685	1
81621	35	27.4962211	2
81566	87	258.534478	10
81634	69	79.20960282	7
81564	63	74.79004157	4
81629	202	12.57383264	1
81622	259	12.7887247	1
81564	220	95.59365781	3
81635	169	12.43563247	1
81568	80	232.8917705	6
81568	159	225.9881129	5
81568	265	28.42280493	2
81568	71	65.15452495	4
81567	55	215.5638715	12
81564	90	24.89817222	2
81616	228	13.55205535	1
81629	170	91.83104412	4
81564	233	40.55935367	3
81619	109	33.8030952	2
81622	206	89.71081777	3
81565	58	174.3842369	3
81564	208	90.54960791	4
81565	176	33.86300149	2
81566	184	227.9707892	10
81628	175	23.73992368	2
81564	51	39.01723257	3
81613	119	10.38065659	1
81617	179	101.4704063	9
81616	130	15.27999893	1
81565	156	99.15185422	6
81627	174	73.45634403	7
81564	221	234.5232503	9
81564	191	44.93605111	4
81629	157	48.76493468	2
81625	99	13.5911381	1
81565	51	215.0687118	4
81613	87	203.3347892	2
81620	48	55.36672793	3
81631	160	11.6813187	1
81621	258	24.79989284	2
81621	132	53.35621077	2
81567	62	113.650671	8
81616	236	24.74609252	1
81567	179	1871.166198	167
81617	69	87.38235038	8
81567	104	78.8277513	4
81634	22	73.47040232	2
81565	222	23.01758319	1
81614	257	10.11905515	1
81635	58	20.82606173	1
81622	21	201.6157654	9
81629	243	41.23644085	4
81615	121	29.34671993	2
81633	227	64.54689868	3
81557	83	96.31846632	8
81613	199	175.7441434	2
81615	131	56.50598275	3
81568	57	88.12987825	2
81635	74	70.12591774	2
81623	147	10.12899653	1
81567	172	81.07800279	4
81556	206	20.60994737	2
81568	212	24.93334089	2
81615	221	20.52203958	1
81632	69	100.3245566	5
81565	257	71.90903614	3
81630	30	11.22356109	1
81566	132	70.28152178	5
81620	259	134.4990949	2
81620	193	90.66367951	7
81565	125	45.79106138	3
81568	54	12.80484921	1
81567	262	22.08683678	2
81620	76	10.34807626	1
81568	137	156.3742144	6
81565	79	125.3435467	2
81619	92	70.95257206	2
81616	192	65.36008154	4
81621	20	16.28726568	1
81632	99	10.88907305	1
81630	134	51.29567974	2
81564	83	225.0600724	19
81621	138	85.83066875	2
81636	19	135.7288835	13
81617	262	15.70014332	1
81621	71	19.21073504	1
81623	2	10.03043595	1
81564	119	104.6186119	6
81568	259	149.7254784	7
81568	60	164.5444251	5
81566	58	135.7160975	9
81566	124	129.5110053	9
81632	98	10.68508414	1
81621	211	29.43338398	2
81616	179	71.89950384	6
81623	95	10.14496649	1
81620	119	40.62667782	2
81567	158	179.5007709	7
81621	250	12.04334334	1
81568	86	57.49672419	3
81620	178	88.6528463	2
81614	189	38.09402684	2
81621	157	88.76222282	2
81626	193	133.6136621	9
81627	92	25.3702982	2
81566	70	75.86688881	3
81566	259	173.2947695	7
81633	251	12.72784374	1
81621	192	45.9899782	2
81614	203	11.34625625	1
81621	215	52.56336514	2
81635	174	212.218069	16
81620	19	8266.626652	773
81628	265	43.91930671	2
81634	27	21.73271161	2
81615	185	11.4405479	1
81621	134	31.40813019	2
81620	42	25.89799272	2
81564	166	201.9617736	6
81624	70	935.2368694	8
81616	169	126.4854665	4
81564	219	125.2050659	6
81626	136	670.9568908	6
81615	137	49.49248473	3
81564	164	75.3399322	4
81632	117	36.87017668	2
81633	118	71.81820967	2
81567	98	33.10351402	2
81566	227	120.7199987	6
81614	40	33.85571766	2
81626	113	46.87775026	4
81618	261	47.43616907	2
81567	161	1409.167299	126
81566	74	247.7443429	4
81614	141	22.07219242	2
81557	137	83.60012963	4
81621	178	32.87709009	3
81566	136	238.2050412	8
81624	24	12.44401738	1
81633	109	10.33181571	1
81627	60	18.96616487	1
81620	83	32.95857959	3
81621	110	10.24090481	1
81567	109	206.0144246	7
81566	175	21.67676116	2
81623	220	21.06486898	1
81622	10	12.58283867	1
81621	115	183.402223	2
81566	165	104.5191978	7
81614	144	25.74485177	1
81620	214	34.10234732	2
81567	214	225.4246474	13
81622	151	23.34936861	2
81565	243	288.7320944	17
81630	255	35.87952641	1
81615	224	17.66256376	1
81622	244	102.9064321	2
81624	58	155.1490936	2
81568	99	56.10691392	2
81567	135	432.0955693	16
81615	270	148.8745364	2
81567	240	151.0210766	8
81614	85	10.04772156	1
81620	174	116.6274577	11
81564	117	255.4134328	11
81630	271	15914.02225	1435
81614	83	42.91157887	4
81613	242	19.80693506	1
81567	197	72.19514357	5
81629	259	24.15039148	2
81567	72	55.23503126	3
81625	65	97.27858507	4
81622	249	26.05955362	2
81626	84	18.75749885	1
81614	238	10.95529576	1
81633	140	57.53932672	2
81624	44	425.7179648	6
81630	39	36.09324209	3
81564	197	464.9188973	12
81614	92	94.75226131	2
81565	76	95.34843438	3
81626	85	61.1990055	3
81566	64	338.9623743	14
81568	70	57.61766949	3
81634	55	10.59000162	1
81564	267	124.7848613	4
81613	253	25.97216525	2
81615	53	113.9706586	3
81617	62	12.99736018	1
81564	59	67.23529933	4
81564	255	10.84692813	1
81556	59	27.22354319	2
81616	107	41.73847672	2
81564	155	115.0099861	4
81566	104	192.9631913	5
81568	187	53.15976755	4
81568	77	328.305192	8
81564	198	177.674621	8
81630	97	28.15289317	2
81618	35	79.68663577	2
81556	120	55.4061117	4
81567	138	191.941333	11
81564	230	90.45467934	5
81564	209	225.0233651	10
81622	216	26.77613982	2
81566	161	1757.0724	158
81619	27	132.3175245	5
81568	174	92.90228146	9
81568	247	70.9184632	3
81567	156	117.9718302	2
81630	218	77.88209336	2
81625	108	13.78257132	1
81567	175	93.55579466	4
81620	0	29.48604984	2
81566	244	392.9472716	7
81628	41	13.65476886	1
81621	221	99.57465367	4
81630	227	25.07894215	2
81632	119	10.24025459	1
81568	236	95.87458923	6
81566	224	32.4582274	3
81565	65	195.5596476	6
81617	96	37.95643563	2
81568	172	42.6017408	3
81629	140	10.18958289	1
81628	149	48.23035409	2
81614	36	26.1833363	2
81635	88	10.19400853	1
81564	188	135.5115962	5
81631	166	33.47643757	2
81617	75	50.23992082	2
81616	162	22.34092369	2
81568	192	28.60467851	2
81566	91	126.5415415	7
81628	202	14.93586611	1
81565	186	63.8989444	3
81567	149	189.2698477	9
81566	269	55.03473645	4
81613	133	72.03674552	4
81564	248	64.19785529	4
81568	143	349.1412014	10
81614	206	35.42267057	3
81566	203	329.3970317	12
81616	57	129.99725	3
81625	44	21.40032194	1
81629	25	63.60068246	5
81616	193	31.10864558	3
81614	48	10.64480127	1
81565	179	1688.0079	145
81567	167	109.8645036	5
81568	249	123.0967835	5
81628	260	769.0291953	60
81614	41	33.73400517	2
81556	101	45.66170222	4
81565	94	334.6862939	10
81566	182	147.4750679	9
81635	225	226.3854945	5
81568	83	242.4828964	12
81624	196	24.24725963	1
81564	172	11.0067341	1
81567	270	353.1656678	10
81564	251	52.13450293	4
81627	171	15.10690677	1
81614	42	18.58973257	1
81567	266	167.4358147	4
81621	135	52.26569737	4
81557	153	34.16169112	2
81567	188	199.6849703	8
81556	193	563.4267876	46
81630	146	19.50433956	1
81557	231	98.16035882	4
81566	118	316.8667931	8
81626	179	182.8886834	17
81624	78	96.96666473	4
81624	266	33.66264151	2
81613	156	67.53233577	2
81567	245	32.03438956	2
81567	127	115.9263161	7
81631	69	55.34834537	5
81630	174	80.67729609	7
81564	264	179.4482879	9
81567	164	98.10914755	6
81613	3	22.27790813	2
81564	122	23.66290695	2
81567	151	37.50497488	3
81567	232	123.7770247	6
81619	141	33.58875635	2
81556	87	24.71785267	2
81615	236	49.4666839	3
81564	159	13.18994057	1
81564	110	151.9490463	4
81633	71	10.17258138	1
81630	206	26.39239506	2
81613	88	203.1829998	2
81613	55	22.88409937	2
81615	173	24.55853089	2
81621	165	106.5501531	4
81565	120	88.17884048	6
81566	67	53.1852992	4
81622	217	24.32178893	2
81567	142	70.50418089	4
81613	117	10.56283868	1
81564	82	41.33376042	2
81566	61	36.10659923	3
81630	239	12.99973157	1
81630	123	10.86981575	1
81633	122	64.7078243	2
81635	103	10.46103479	1
81568	149	62.97687409	4
81631	19	7917.66406	741
81632	136	73.28660914	3
81564	153	74.57445514	4
81565	263	342.2878925	10
81564	72	134.9371063	6
81564	142	105.1337939	6
81614	132	55.90788458	3
81617	39	10.11199705	1
81633	55	23.72771654	2
81617	119	90.1985104	5
81613	206	33.55519961	3
81617	121	11.10721799	1
81614	227	88.13510996	2
81617	103	259.6873726	4
81618	90	12.48630407	1
81631	222	25.08940459	2
81564	257	33.13371948	2
81628	65	77.16923316	3
81567	68	164.701085	8
81631	161	76.92496762	2
81567	64	113.9290339	4
81619	269	55.04261112	2
81618	111	34.94519355	2
81634	105	31.91752511	2
81568	224	119.7802744	4
81623	263	22.31432846	2
81567	195	28.65037776	2
81618	214	44.38195474	2
81568	241	12.26328325	1
81567	95	118.4026934	6
81624	9	164.4686128	3
81626	75	27.2972153	2
81632	163	73.63259214	4
81618	244	65.48877456	2
81568	96	60.98768484	5
81568	230	100.0761904	4
81613	86	26.51684669	2
81567	234	20.83993152	2
81564	107	53.1393756	3
81617	141	31.70139929	2
81619	24	88.3082457	2
81617	150	19.39081927	1
81619	30	39.95244537	2
81567	120	233.0923479	6
81631	151	29.03233838	2
81617	203	69.96547356	4
81568	239	32.2368791	2
81557	133	284.8653212	4
81567	145	271.1627661	6
81618	83	34.28047801	3
81556	55	547.5346107	14
81617	52	19.36267169	1
81565	216	50.43699757	3
81620	11	11.3166701	1
81615	233	10.97573442	1
81623	178	25.31971909	2
81619	112	89.72434859	2
81627	230	20.29130647	1
81564	70	21.26671365	2
81625	212	54.36421954	2
81632	170	10.83315395	1
81567	170	155.288985	8
81565	223	299.5096393	11
81631	126	15.73362577	1
81622	22	38.03182339	2
81556	57	156.6457941	4
81625	106	73.43228897	2
81623	19	8703.776839	810
81623	255	63.02586574	2
81615	250	21.73021267	1
81632	60	57.01822575	2
81567	212	70.83819758	5
81632	162	51.50810409	2
81566	120	236.6671467	10
81567	87	112.3411091	6
81616	80	37.53707619	2
81565	166	30.89145921	2
81634	98	29.51876063	2
81568	81	163.3662573	4
81629	9	27.11215981	2
81619	114	22.58652785	1
81631	221	20.15478564	1
81557	179	208.7525909	19
81565	241	109.3625813	4
81556	247	109.9248129	4
81632	193	132.7699298	12
81617	233	50.15162269	2
81565	184	112.6012771	5
81622	183	16.43240831	1
81556	84	122.7773724	4
81557	132	247.5238526	4
81557	86	56.91555271	4
81565	124	102.403363	7
81556	52	288.3564624	4
81565	88	156.6384085	4
81565	170	245.4997093	7
81624	119	24.9763246	2
81566	268	145.3631662	4
81616	254	13.18017321	1
81630	223	10.03996125	1
81623	90	54.40717121	2
81630	254	15.31607782	1
81564	139	68.61366226	4
81556	254	166.6878693	4
81626	101	90.05186872	5
81557	130	76.2667307	4
81621	190	10.83592881	1
81566	103	116.6017297	2
81557	251	491.2198378	6
81619	78	51.90525804	2
81635	158	105.3607945	2
81564	235	65.54394729	2
81633	120	98.92135093	5
81567	102	88.50433373	4
81621	87	25.53910526	2
81557	74	149.943791	4
81566	96	247.8136953	6
81565	198	160.1950362	7
81566	191	426.9144981	11
81557	73	103.339357	4
81556	149	110.3696594	6
81616	47	39.19178455	2
81615	245	35.25349257	3
81567	119	37.11216377	3
81623	189	42.58488135	2
81564	194	380.2973144	16
81556	166	46.24054221	2
81556	148	93.55979776	4
81617	108	213.6534075	4
81564	204	21.56006705	2
81625	7	21.89387707	2
81615	103	91.64767297	2
81565	204	34.57818926	2
81629	19	11571.07217	1075
81629	59	12.01861147	1
81628	107	33.97399929	1
81626	35	19.58672272	1
81565	270	114.1739141	5
81618	15	31.29793529	2
81630	55	33.43742453	3
81567	117	150.497097	8
81623	258	13.63831066	1
81567	63	231.2071484	4
81622	141	25.16777926	2
81635	39	26.34528746	2
81567	69	396.9360045	30
81627	253	111.9548119	5
81632	175	21.18701623	1
81618	86	21.9879879	2
81628	245	14.80108436	1
81617	217	957.6592389	6
81613	63	11.45032935	1
81613	221	21.44317211	2
81628	255	295.4800344	6
81626	174	84.59599849	8
81564	101	92.70433915	5
81615	31	165.4634653	4
81628	238	12.67843002	1
81566	107	294.8548766	7
81565	214	137.0617585	5
81635	24	13.62716608	1
81631	105	150.8292822	2
81622	83	32.57983973	3
81628	193	86.85530287	8
81616	39	19.24356945	1
81614	134	35.89256199	2
81628	172	10.60050598	1
81628	177	89.8575818	2
81623	243	43.21862742	4
81564	88	149.6892306	5
81616	97	10.64499063	1
81629	135	74.35221934	2
81564	65	144.0700977	7
81566	69	705.9026321	38
81568	112	60.06741727	3
81624	73	309.8201437	4
81615	127	68.17538658	4
81619	106	10.2630216	1
81565	226	166.9875384	8
81628	124	20.76513469	2
81629	127	25.2090782	2
81618	189	11.51130585	1
81627	28	10.41835446	1
81618	176	120.3073067	2
81621	74	36.75238416	2
81567	231	42.75737027	3
81565	100	66.05004923	3
81556	102	48.74836856	4
81629	194	61.43070266	2
81567	246	129.2195227	9
81618	5	184.365755	4
81628	109	92.4028663	2
81622	49	11.22955854	1
81626	119	106.7316897	5
81557	256	40.04481193	2
81629	138	54.80104097	4
81629	258	16.14338732	1
81627	19	8469.869264	795
81565	252	60.28942959	4
81636	271	110.7021404	10
81620	97	14.69803751	1
81633	28	14.36829302	1
81624	106	36.24416588	2
81626	99	166.9588151	3
81613	56	15.91216089	1
81618	260	387.2923454	35
81616	246	22.26977999	2
81629	62	23.91353677	2
81623	21	26.52186246	2
81631	233	21.05899722	2
81565	97	654.0523421	20
81565	151	125.4310502	5
81568	228	57.81017668	4
81621	243	54.2289061	5
81566	236	145.7777758	5
81567	166	100.9957662	3
81623	69	44.53942613	4
81621	93	52.18338987	2
81568	185	340.279553	6
81564	61	150.5748739	6
81618	127	29.67347117	2
81628	0	12.57992425	1
81614	121	70.01527924	3
81614	46	24.26896723	2
81621	251	42.94050852	3
81629	82	11.31355548	1
81632	118	160.3148247	3
81619	154	13.41529393	1
81629	179	256.454088	21
81565	92	69.87697679	4
81629	41	35.4802079	2
81618	85	53.96849161	2
81622	35	24.22283347	2
81614	195	29.51824081	1
81618	10	35.19795076	2
81624	164	56.80848906	4
81565	66	221.5267158	9
81567	256	111.7144364	6
81627	135	109.299435	2
81631	165	10.07557589	1
81621	22	18.16590092	1
81619	155	48.2646871	2
81566	126	182.9536841	4
81564	124	11.27683327	1
81567	267	48.79404014	3
81624	85	49.86106338	2
81632	164	40.80533657	3
81617	107	178.7158317	2
81626	205	39.86145279	1
81568	89	32.11172579	3
81635	1	15.91506358	1
81565	61	515.8519499	12
81627	205	243.1961939	5
81631	89	40.13490978	3
81626	191	44.22739014	2
81631	31	179.4885355	3
81618	95	31.34810782	2
81631	85	16.53173936	1
81629	233	54.29820772	4
81627	271	15322.33358	1384
81565	183	69.2509309	5
81623	22	51.83558753	2
81629	86	13.43745351	1
81617	84	13.84131833	1
81621	188	15.43180084	1
81628	179	53.49488773	5
81635	203	11.64756868	1
81628	37	10.28352744	1
81634	96	23.98929964	2
81624	46	375.3124056	4
81635	167	24.86886705	2
81619	179	104.1807211	10
81628	243	61.7772246	6
81616	201	12.77397175	1
81625	246	77.95851878	3
81556	262	29.63093144	2
81629	78	83.95651361	2
81613	243	43.11373317	4
81565	104	326.5741323	12
81625	19	11903.49199	1105
81620	55	97.12759597	5
81630	1	76.65506419	2
81568	183	60.96576651	4
81568	147	67.68773268	3
81618	68	10.16739556	1
81567	193	1766.882175	146
81623	206	10.08060124	1
81566	100	272.1741633	4
81618	107	66.21449649	3
81635	15	11.07160478	1
81622	261	68.08135441	5
81618	52	116.5767331	4
81629	97	42.37866526	3
81627	126	34.48806864	2
81613	129	66.38161247	2
81615	87	112.4054694	3
81565	236	24.10618473	1
81635	124	164.7372128	4
81626	261	96.30650732	2
81568	127	350.0728463	14
81621	154	89.40049744	2
81556	124	26.56063445	2
81627	27	90.95683549	5
81632	48	10.54782901	1
81627	31	136.1274115	3
81631	71	33.97952194	2
81565	188	219.4864002	8
81629	212	145.6142015	2
81621	197	15.31711702	1
81566	222	24.8545749	2
81614	136	36.62468919	3
81627	256	29.41733304	2
81614	98	27.47864954	2
81567	230	79.74982349	4
81631	11	18.78620816	1
81631	193	50.25289621	4
81564	259	111.4962693	5
81634	259	50.26326948	3
81556	253	60.15428491	2
81631	30	64.76215247	3
81629	247	13.52025809	1
81617	110	561.7200964	7
81622	270	176.5973945	4
81613	189	46.68928442	2
81613	107	23.55973156	2
81566	202	211.4428339	6
81619	153	14.53713373	1
81618	245	75.55727195	4
81629	260	972.5483133	74
81624	13	34.16828037	3
81567	148	85.03548299	5
81628	94	10.29553965	1
81556	69	219.1055166	20
81630	139	10.78545421	1
81619	44	131.2411058	2
81626	123	273.839632	6
81624	76	88.07509231	2
81635	227	234.7536937	4
81566	246	204.8935935	14
81622	24	66.68084638	2
81556	232	47.09708932	4
81617	77	61.90155225	3
81625	253	26.88732436	2
81631	118	106.5112508	4
81619	241	63.79886332	2
81616	61	88.32105529	2
81614	246	10.01452757	1
81564	131	183.3021154	10
81613	110	11.43279296	1
81627	127	113.5972244	2
81565	219	108.8364467	6
81568	65	117.1068091	4
81635	131	45.57494594	2
81619	165	58.2155832	2
81626	271	18075.80869	1620
81627	86	57.24895587	2
81566	154	11.67469789	1
81622	269	291.0036838	5
81613	234	10.26213505	1
81627	32	157.1391775	3
81628	206	33.28268848	3
81565	194	262.1264703	13
81618	22	28.55390836	2
81619	137	12.32419723	1
81632	75	10.40551743	1
81628	125	122.4059316	4
81564	54	83.37575757	4
81566	209	64.22416198	3
81564	210	74.91447522	4
81629	98	35.44442489	2
81623	193	116.4329714	10
81568	51	68.88742803	3
81629	34	10.65412034	1
81623	211	36.17638082	2
81634	107	28.52051181	2
81564	91	178.4184725	6
81618	201	10.73168917	1
81621	13	11.48540004	1
81623	35	156.3171681	3
81629	165	14.26153996	1
81625	131	59.55864139	2
81626	196	16.84781145	1
81620	137	105.3683433	4
81625	97	25.61007252	2
81556	217	51.7871676	4
81625	43	14.96906249	1
81629	87	13.29581439	1
81557	113	117.099572	8
81635	213	17.96764297	1
81623	10	14.87572233	1
81619	199	174.7855664	3
81629	156	28.74052652	2
81621	216	10.98301853	1
81629	31	10.68687323	1
81616	104	28.49218787	2
81618	162	32.96558122	2
81566	108	114.9540125	3
81614	130	61.633134	1
81566	54	44.00977375	2
81632	85	70.97804186	2
81557	134	145.6420485	5
81617	104	187.9634888	2
81632	62	60.02784048	2
81566	159	54.59488858	3
81619	193	160.2620883	14
81619	10	14.49784931	1
81625	145	11.53223149	1
81619	245	11.11267836	1
81614	37	28.28200429	1
81620	87	32.70370212	2
81633	19	6158.135983	578
81616	261	38.92896079	2
81629	189	15.14810613	1
81564	217	91.71513468	5
81568	53	24.17326108	2
81564	53	106.138622	5
81634	201	76.92574553	5
81619	56	51.05469955	2
81634	17	37.3229203	2
81635	271	17414.52903	1566
81629	231	1014.313405	7
81624	113	10.71036209	1
81624	122	11.19663395	1
81632	257	24.48477301	1
81621	155	13.8408307	1
81615	29	148.0192191	4
81565	211	12.92080548	1
81614	102	10.13112672	1
81556	177	48.49918621	4
81629	188	185.5662425	6
81633	243	31.02059106	3
81624	193	79.39540585	7
81623	1	61.53850707	2
81629	149	29.32741867	2
81618	267	26.71885974	2
81629	94	10.6265011	1
81621	224	13.96915339	1
81634	157	43.62508931	2
81615	114	16.68516087	1
81616	72	10.61436468	1
81621	29	60.31883908	2
81565	137	216.5768804	12
81617	71	55.69242434	2
81631	133	40.64988166	2
81617	133	58.98402263	5
81616	6	64.21479354	4
81624	203	75.47414303	2
81631	265	56.61801379	2
81617	61	29.81954732	2
81556	146	80.45529532	4
81630	2	11.58147015	1
81623	129	11.64622172	1
81623	109	30.42985443	2
81565	98	47.71079672	3
81632	149	55.38818531	2
81623	188	47.21330459	2
81625	191	10.68947378	1
81567	53	47.18031334	4
81634	2	39.46933652	1
81634	271	22123.54863	1980
81633	191	36.8203842	2
81628	136	12.43774212	1
81617	213	88.91898248	3
81632	266	11.77668141	1
81629	136	25.12857101	1
81635	162	10.43737724	1
81619	134	24.72815158	2
81567	83	602.3435337	21
81626	63	43.97174813	2
81620	258	68.83785537	4
81626	236	215.4320521	4
81629	178	26.6709436	2
81633	247	14.65325695	1
81626	255	169.3135479	4
81618	179	31.18528148	3
81635	69	119.2048919	9
81613	48	33.97284668	3
81623	64	20.66135339	2
81620	145	11.78094684	1
81567	155	205.4394096	9
81621	118	38.90838517	2
81615	206	52.57512259	3
81627	133	21.38121491	2
81565	67	89.77497873	4
81622	11	166.7361492	2
81627	147	73.55171239	3
81566	134	240.7982164	11
81631	115	26.0340757	1
81624	244	299.1531291	5
81621	119	49.48717302	3
81628	271	17339.67484	1568
81566	217	97.15006225	6
81618	0	25.86855458	2
81633	30	159.266524	2
81625	103	45.55554874	2
81568	118	127.0261518	5
81625	144	220.5304094	2
81566	220	60.4467461	4
81623	143	23.68468138	2
81628	83	25.67501963	2
81614	120	38.46637298	1
81633	20	48.41857579	3
81628	249	43.04525993	2
81556	199	23.63708239	2
81629	72	39.28056188	2
81618	215	24.29068333	2
81627	232	12.9598912	1
81625	48	51.26211053	2
81567	229	143.1566575	3
81630	175	90.5031654	2
81568	186	554.8720389	12
81564	229	40.91810377	3
81566	210	36.77097258	3
81565	253	120.7008439	7
81617	63	10.8489913	1
81557	156	80.44316754	4
81619	168	52.52401964	1
81624	224	33.38486918	2
81629	56	28.21846398	2
81633	246	70.5965956	4
81568	67	577.1055105	9
81626	260	484.910003	38
81619	259	71.12156929	2
81616	125	95.27543793	4
81620	56	75.52214091	4
81623	97	38.62698736	2
81625	27	71.15058738	4
81628	210	148.0527275	2
81620	127	11.44780116	1
81564	165	337.3392253	4
81616	74	96.4899212	3
81622	86	64.24595768	4
81629	187	14.33682801	1
81615	50	27.95861649	1
81556	119	282.1254808	4
81618	139	39.70508266	2
81616	108	41.22854637	3
81627	162	65.19902358	3
81619	19	7511.813703	701
81621	233	82.9818699	4
81619	3	80.90820712	3
81617	20	36.24584895	3
81627	206	273.9616027	8
81565	234	82.53129419	4
81565	74	215.5268611	10
81566	98	215.2814332	7
81613	188	31.02917938	2
81625	143	201.3899348	2
81621	77	76.22116386	2
81568	103	77.03502616	3
81615	11	41.05393672	2
81618	46	39.24221476	2
81623	155	32.30726647	2
81619	21	16.63333738	1
81568	90	87.96845079	2
81625	16	38.9150572	2
81615	220	30.10324277	1
81623	216	38.02355557	1
81620	58	55.15587065	2
81565	244	165.1065101	5
81568	148	72.69458737	6
81633	60	24.1077701	1
81622	62	73.7798075	4
81629	196	38.20006107	2
81613	97	10.61685809	1
81622	55	10.43262952	1
81557	76	318.3380092	6
81620	95	10.14253111	1
81616	55	21.6231724	2
81567	101	256.3323071	11
81626	194	53.75350004	2
81620	122	11.14031626	1
81622	243	65.10609467	6
81627	64	131.8399013	4
81618	251	63.71928771	4
81620	99	62.82077353	2
81629	242	50.23589433	2
81615	35	42.90206405	2
81626	168	140.967068	2
81621	50	52.27173743	1
81615	41	37.76070772	3
81631	123	86.71047776	3
81618	150	10.34130952	1
81633	66	13.81221162	1
81618	216	12.92435889	1
81634	122	56.77545275	3
81566	105	255.2879959	8
81622	19	10713.64541	995
81564	140	77.19301136	4
81614	19	6471.764706	600
81564	189	86.75345871	3
81613	19	4362.62845	404
81564	184	133.5556718	3
81635	248	88.28372663	2
81566	116	175.4101852	5
81620	117	134.7732017	2
81631	176	10.96788395	1
81568	50	75.29913104	2
81565	136	78.62455799	6
81633	213	24.12597629	2
81566	223	127.1455941	6
81615	13	11.10457086	1
81617	95	27.83703954	2
81613	118	55.50910852	2
81564	134	244.3239155	14
81627	146	10.78338761	1
81617	19	7502.421147	697
81614	233	75.73829405	4
81566	84	49.92084433	3
81556	243	522.5281835	18
81565	55	621.1526514	19
81615	107	30.20456948	2
81568	206	315.0583535	10
81622	92	12.81385144	1
81622	39	37.93193065	2
81618	55	10.13170564	1
81564	265	34.42590877	3
81634	148	10.83849358	1
81628	251	12.55460743	1
81566	253	25.30167224	2
81623	31	12.02487859	1
81624	111	46.37826881	2
81566	258	274.3975539	8
81625	1	10.8692627	1
81623	133	54.64879137	2
81627	62	31.83828401	2
81564	186	22.657977	2
81565	203	296.9922412	9
81629	20	44.58170931	2
81556	231	215.1122523	6
81635	139	29.12708273	2
81630	191	33.77237786	2
81619	160	16.82472831	1
81618	136	62.90522605	4
81622	195	37.83585384	3
81566	129	22.44439483	2
81564	252	104.2800589	5
81633	69	41.79537202	4
81635	265	117.9918475	4
81635	115	95.29461733	6
81633	98	25.569333	2
81620	129	82.5321479	4
81565	90	139.6764486	10
81556	186	295.1996089	4
81622	218	75.5504856	2
81616	52	26.61940506	2
81614	31	10.0972225	1
81624	43	289.8498195	7
81620	123	52.99159891	2
81557	97	80.0961438	5
81566	155	11.38536892	1
81620	146	59.80992127	2
81636	43	61.7693265	3
81565	191	148.3435627	8
81619	138	46.49962776	2
81618	1	24.28346509	2
81635	2	10.78205635	1
81566	262	70.09572272	5
81623	72	10.2652736	1
81621	199	10.95926029	1
81615	209	12.70739074	1
81617	232	20.20458168	1
81625	235	94.29150438	4
81628	196	11.40026242	1
81634	39	76.01789878	2
81557	124	27.54456434	2
81618	51	51.50210978	3
81625	150	27.60338663	2
81565	49	359.7576601	6
81631	199	27.99226616	2
81566	270	163.658639	5
81619	268	23.45891475	1
81623	271	16906.62128	1506
81565	261	334.9207077	11
81566	264	109.7803583	7
81564	207	36.99861936	3
81557	135	29.00525572	2
81557	169	48.19225904	4
81565	57	294.5515984	12
81620	159	12.03885676	1
81624	4	92.1827949	3
81632	101	61.02522741	2
81615	252	13.0448927	1
81556	255	299.5916134	8
81615	231	17.50428334	1
81632	59	40.68814398	2
81568	203	283.2536401	6
81614	103	98.37302705	2
81556	125	219.833568	10
81619	198	34.19467141	2
81615	52	180.1814121	3
81565	113	117.6682986	5
81635	95	80.77277607	2
81617	146	11.26112897	1
81564	84	73.89931628	5
81626	235	28.42594613	2
81616	86	10.82078238	1
81620	194	15.08811762	1
81556	56	374.3253148	8
81623	13	35.1882489	2
81557	90	88.0658254	4
81557	49	38.26046089	3
81566	90	158.1461526	7
81566	215	152.3049533	7
81566	158	56.86773348	4
81628	126	114.1520455	4
81564	64	77.29908469	2
81565	114	205.2964944	8
81565	99	206.2384116	9
81635	159	25.39712949	2
81620	233	10.61632813	1
81629	75	238.5483471	4
81565	147	118.6592155	6
81616	242	18.63546069	1
81632	41	31.36572598	2
81566	179	1896.467068	155
81633	148	66.31708462	2
81619	192	10.08411008	1
81626	250	10.24661527	1
81635	63	14.48243413	1
81633	84	65.91043147	3
81566	240	85.94791527	3
81632	174	144.6017443	14
81615	97	10.01539404	1
81634	243	43.70440457	4
81624	179	126.752908	12
81634	270	10.67142761	1
81566	172	10.81283903	1
81615	181	15.03575055	1
81616	87	17.71559272	1
81565	54	253.5847409	5
81634	49	10.63840207	1
81628	128	11.45420045	1
81631	254	109.8012078	3
81616	221	11.08556713	1
81566	151	29.17033861	2
81625	76	10.98355938	1
81565	165	131.0426943	4
81628	19	13690.79728	1273
81623	60	48.9908038	2
81635	34	469.8544659	7
81566	204	186.3624554	5
81616	223	34.16973074	1
81633	163	21.47643987	2
81631	238	26.18965867	2
81564	95	120.51082	6
81630	238	119.6767314	2
81617	221	10.10833944	1
81617	43	15.94525369	1
81624	74	115.0744615	2
81557	186	14.56739091	1
81565	157	34.40868191	2
81556	269	24.2810126	2
81564	99	107.0681664	5
81568	251	89.48029795	7
81618	233	10.18025277	1
81566	195	44.80852676	4
81629	102	115.1427197	2
81616	241	13.36266349	1
81626	157	18.45822255	1
81617	73	10.34864119	1
81619	63	48.24865042	2
81566	251	20.98602549	2
81615	6	22.96539111	2
81632	262	25.9730992	2
81625	173	38.60366984	3
81635	266	69.18318435	4
81557	69	61.90978159	5
81626	109	99.96223022	2
81566	229	135.4947826	6
81635	27	172.3583661	5
81623	79	10.56878459	1
81623	68	12.97495154	1
81565	109	32.16155512	2
81631	124	147.9679659	2
81620	195	64.84789959	3
81627	264	10.10740144	1
81620	242	52.76134564	4
81618	231	42.59222955	3
81566	149	44.94311004	3
81619	206	10.41493984	1
81626	55	25.7910155	2
81627	151	47.29630085	2
81620	209	58.96324929	2
81565	192	93.20563291	4
81635	206	10.00062918	1
81564	203	187.0529173	4
81635	179	20.57957352	2
81625	247	29.89316636	2
81564	112	190.2471275	7
81565	149	25.79548871	2
81626	238	39.40369257	2
81617	57	23.87100756	1
81621	120	195.2591355	7
81635	229	31.18808595	2
81566	109	45.49566355	3
81557	227	38.61306516	2
81635	228	65.29460989	5
81633	113	114.5019094	3
81617	143	17.68603856	1
81616	43	12.60019703	1
81565	269	46.73981461	2
81566	53	10.74975408	1
81620	271	19528.23534	1749
81566	140	267.809518	6
81622	123	31.36434826	2
81623	67	30.86494196	2
81631	190	25.60999578	1
81633	261	11.57511564	1
81620	170	76.03360455	2
81624	83	58.29635235	5
81620	179	143.7702771	12
81635	149	36.20099235	3
81624	204	22.41977467	2
81618	154	16.78683387	1
81622	93	10.6293429	1
81635	224	13.50973196	1
81629	216	38.71614253	2
81618	172	17.11113774	1
81628	266	30.04945135	2
81565	56	400.3860847	9
81635	22	14.11873922	1
81566	150	20.96285091	1
81622	25	47.808819	2
81557	204	32.02548652	2
81618	268	19.68973535	1
81557	271	33921.79968	3103
81564	190	112.3431001	7
81619	123	42.93122609	4
81633	129	10.57414859	1
81567	169	187.5014786	8
81615	24	11.30162682	1
81621	254	10.82903172	1
81565	111	260.1750458	10
81566	117	262.0346581	15
81616	44	16.67727307	1
81621	121	158.9576413	2
81621	182	134.4784578	2
81565	206	1096.337321	18
81557	158	15.10224491	1
81565	227	94.06261758	7
81627	54	15.24140205	1
81619	151	15.98612733	1
81631	78	18.24944684	1
81617	208	499.0333318	7
81624	47	247.1442382	4
81629	17	136.536685	4
81619	66	10.31731485	1
81619	7	11.25178332	1
81557	226	28.52157778	2
81620	140	66.5859905	2
81613	114	10.35100162	1
81628	226	14.04491569	1
81616	106	31.25410514	2
81633	51	13.21865727	1
81623	179	133.9879746	11
81566	201	24.6749367	2
81621	66	10.75301612	1
81630	19	7662.49505	716
81628	157	140.4810618	3
81565	245	22.59047016	1
81613	14	141.2750288	2
81620	93	28.8165406	2
81620	135	202.2380425	2
81615	146	93.66760344	2
81628	57	16.19301558	1
81564	130	122.9184076	4
81566	101	175.8351264	3
81619	176	27.07478223	2
81622	121	47.19521175	3
81613	193	57.38559143	5
81627	179	70.06147251	6
81567	211	28.07942593	2
81629	107	10.80872947	1
81565	87	115.0668782	4
81617	65	21.06826663	1
81564	137	145.5421425	6
81618	126	45.94095686	2
81565	169	62.28109451	4
81622	168	99.83401697	3
81617	226	11.49165111	1
81626	202	203.309615	7
81631	205	21.29709982	1
81626	137	118.0729334	6
81565	213	14.54809138	1
81632	25	29.64616752	2
81619	271	19444.82647	1743
81623	49	20.79433629	2
81564	222	118.6821684	9
81621	64	11.38326277	1
81632	79	37.76438716	2
81635	135	18.30143087	1
81621	69	67.82036299	6
81566	93	62.17099195	5
81625	26	68.8325209	2
81629	256	61.51467596	3
81633	198	45.81142167	2
81566	167	53.89634693	3
81618	28	98.69682926	4
81628	254	74.19817845	4
81626	135	1589.919232	7
81613	2	31.73845389	2
81564	103	213.3139338	6
81565	187	135.5933501	6
81618	116	80.2811824	3
81624	258	346.9022529	4
81635	25	107.2304536	2
81629	174	133.0371361	12
81631	257	14.78361675	1
81567	220	131.7828	6
81635	176	29.35209491	1
81620	229	21.45230201	1
81629	255	70.3234948	3
81568	175	23.98414629	1
81633	184	49.934904	3
81633	121	26.93992289	2
81631	106	86.43418137	2
81625	190	13.65715393	1
81566	221	56.50000543	4
81615	174	150.2439967	13
81614	205	79.52533037	2
81565	182	125.5858073	9
81631	175	24.65190762	2
81626	98	105.1660023	2
81566	169	137.6283784	5
81564	237	57.4979048	4
81556	60	21.42717645	2
81564	109	117.6441481	7
81565	220	22.50548965	2
81565	129	100.1014313	6
81623	236	37.66953981	2
81630	27	57.77029453	4
81565	131	14.85167089	1
81567	253	44.55051784	3
81617	271	25982.70485	2319
81566	242	329.4490208	10
81633	174	76.02999371	7
81564	214	44.43556803	4
81617	13	11.82897161	1
81565	202	547.4464084	14
81565	133	82.54518469	6
81622	113	10.36867316	1
81565	107	189.2530013	7
81618	3	15.91659299	1
81628	138	81.89875154	3
81627	35	20.44265904	2
81622	78	36.86849394	2
81567	174	424.8901743	32
81565	135	123.9521229	7
81556	114	198.8269189	6
81613	83	10.36177455	1
81565	75	90.06835578	6
81564	200	11.86034458	1
81627	1	33.7848268	2
81557	210	173.3832382	4
81618	21	58.33478175	2
81623	144	34.88112361	2
81627	111	40.72692496	1
81564	234	50.61769901	2
81631	131	39.12072981	3
81621	252	46.04627441	2
81631	119	15.44857485	1
81565	71	223.1684593	5
81628	17	79.11747902	2
81621	159	15.95746689	1
81566	252	10.41059888	1
81565	116	90.99952827	3
81625	181	18.22176878	1
81628	269	26.44016837	1
81564	138	82.63194662	5
81564	62	22.29240998	2
81566	183	42.54182774	3
81619	119	84.13181098	3
81625	269	29.90401767	2
81625	206	58.4540164	5
81634	95	11.29910664	1
81624	261	256.0641107	8
81627	240	13.24206303	1
81626	169	133.9514793	3
81565	68	292.9868557	15
81629	271	20650.50983	1859
81564	223	53.19568871	4
81564	262	92.58529605	4
81564	114	10.85093199	1
81565	105	22.5897968	2
81619	67	24.73293614	1
81618	264	146.027986	3
81634	242	36.70539288	2
81628	20	22.65977925	2
81628	174	116.5855149	11
81624	118	19.64082179	1
81633	145	34.7995102	2
81621	96	18.10572511	1
81630	192	167.406941	2
81626	189	39.68911325	2
81564	121	30.65100016	2
81630	136	43.99394293	3
81625	5	162.5080791	3
81556	127	98.90357912	4
81633	21	73.40809723	3
81624	120	73.06828423	3
81628	131	48.17549233	2
81624	75	55.12438973	2
81628	253	59.66468328	2
81614	179	42.2919588	4
81629	69	112.4236892	10
81565	138	86.65136251	5
81626	181	27.65355191	2
81568	101	32.98008972	2
81621	203	13.00254083	1
81621	78	11.02096427	1
81617	134	28.66026464	2
81556	191	146.4844476	4
81565	70	92.40867832	2
81624	157	65.86754253	4
81556	185	49.99724528	2
81617	244	50.07423776	2
81622	132	62.06637859	3
81624	114	21.83146826	2
81566	163	13.41316455	1
81632	188	10.35412688	1
81632	68	69.04545768	2
81627	119	23.45371028	2
81615	66	128.8543196	4
81565	235	62.37023998	3
81565	256	90.94683823	6
81624	199	38.5367911	2
81633	72	162.6157857	2
81627	229	24.96614207	2
81619	174	147.2467999	14
81557	263	92.3029745	2
81564	145	29.0634556	2
81635	16	23.66563188	2
81624	221	130.1863835	5
81624	12	12.65600872	1
81565	237	52.00938008	3
81635	73	21.39659078	2
81635	30	103.684731	3
81620	136	190.0608062	2
81626	115	51.71009289	3
81633	119	23.72406579	2
81628	116	10.05783195	1
81557	72	53.81212235	4
81557	254	74.9107987	4
81631	39	59.36654841	2
81565	232	195.5579647	5
81626	103	30.29009169	2
81613	71	39.69899129	2
81564	178	238.9504036	21
81564	73	157.4389434	10
81627	4	43.02705995	2
81635	245	26.12689411	2
81568	115	297.2044257	7
81633	114	84.87400531	3
81633	262	10.22519809	1
81614	77	141.8620808	4
81633	179	85.58194579	8
81556	261	300.1333296	4
81634	3	13.15327651	1
81567	77	47.35051438	2
81624	148	28.5096902	2
81624	86	26.3535503	2
81624	57	170.5704221	3
81633	223	10.12741022	1
81623	130	10.01046524	1
81617	193	104.6998877	9
81621	27	33.12423668	2
81566	170	93.99552064	4
81621	75	56.7640829	3
81617	93	48.61104039	2
81630	237	133.4020802	4
81557	180	21.79246606	2
81565	249	532.5647817	8
81627	109	36.48593804	2
81635	202	74.90249859	1
81633	241	21.43207347	1
81622	260	335.0863678	30
81623	111	34.43595976	2
81557	82	124.6241128	4
81567	112	120.0666242	7
81626	166	22.16248197	2
81566	133	85.15781772	5
81620	208	64.59387407	4
81628	191	11.28893613	1
81632	219	10.21055854	1
81566	112	227.3051794	12
81622	66	46.54907763	1
81557	260	23.79964361	2
81564	69	519.315495	43
81630	110	90.56746729	3
81618	178	33.57448453	2
81633	193	55.23205967	5
81631	243	128.9412879	9
81556	128	46.14473397	4
81619	260	327.0882115	30
81566	48	186.0127433	9
81633	74	143.9113093	3
81621	223	11.91885018	1
81564	143	87.76065607	4
81566	62	12.76772625	1
81615	77	20.68159589	1
81624	126	38.33729529	2
81556	271	70910.81003	6418
81566	207	154.3052628	6
81627	30	26.6271169	2
81556	82	75.02998811	4
81622	111	10.28322212	1
81623	229	23.43276421	1
81633	250	55.52177043	3
81635	193	57.97565392	4
81564	185	129.2722827	5
81633	135	42.76085877	3
81634	137	41.32715151	2
81565	80	60.99140445	5
81633	70	11.80085402	1
81617	79	23.89060615	2
81564	129	107.7592918	8
81627	12	10.87939303	1
81556	187	270.3122815	4
81630	216	34.88562465	2
81566	153	54.97024962	4
81618	259	10.08861322	1
81624	233	148.002585	4
81567	226	142.2898642	7
81621	183	29.16346702	2
81624	217	52.82242151	2
81633	31	69.1693936	2
81618	131	23.46319762	2
81632	89	11.22791916	1
81568	76	203.4205955	4
81631	197	13.89735651	1
81618	75	11.37350798	1
81618	220	60.16899913	4
81613	145	24.03937595	2
81565	205	241.1346966	4
81624	165	142.0184649	6
81635	32	233.6892589	3
81567	154	82.4016237	3
81566	127	62.56186797	4
81557	239	76.23103674	4
81556	234	219.1638036	10
81627	152	47.81385666	2
81556	126	31.17158949	2
81622	118	72.95769333	4
81564	213	85.4581826	4
81619	98	10.88627516	1
81628	108	53.10931205	3
81618	151	20.61831113	1
81564	93	16.7528781	1
81622	69	82.18276307	7
81631	65	10.68933602	1
81618	190	10.76287619	1
81566	208	64.68942871	5
81629	61	33.2230919	2
81632	179	200.0372772	15
81617	234	20.91066691	1
81620	263	41.17760308	2
81629	74	149.4514926	2
81565	178	367.5423755	27
81630	107	14.11007028	1
81567	123	336.7024118	16
81628	178	48.43131493	2
81565	212	246.1177032	8
81627	134	12.71476342	1
81631	97	12.04521129	1
81618	73	32.68534846	2
81632	77	27.55728927	2
81624	265	53.82191509	3
81618	87	16.26438748	1
81614	122	75.77239907	4
81620	12	67.23256148	2
81557	196	96.17937863	4
81564	254	44.34694438	3
81625	101	32.22026967	1
81567	58	109.9466591	5
81557	155	102.6533886	4
81623	177	87.24092408	2
81566	194	109.0968414	8
81556	137	50.85640888	4
81615	134	15.92331828	1
81632	208	12.06314537	1
81565	139	94.53162141	5
81566	248	207.0270543	11
81620	270	33.38950869	2
81614	61	22.28343004	2
81564	195	201.3574482	8
81564	56	125.4991016	6
81565	242	87.80260423	3
81624	245	267.3050207	3
81567	100	313.8908421	7
81635	144	73.32720849	4
81624	49	200.4421424	3
81566	254	203.9198794	5
81625	218	14.27886737	1
81624	53	262.1751278	6
81613	38	10.757306	1
81621	5	25.59137439	1
81623	197	10.6602695	1
81635	114	10.00134559	1
81620	206	445.8115597	6
81568	171	74.00533376	2
81568	138	153.7900095	7
81617	245	96.26999813	4
81557	168	73.68752652	5
81635	102	12.1357571	1
81625	122	93.00616928	5
81616	65	12.06376762	1
81624	264	11.51554078	1
81633	134	53.8345859	2
81633	144	21.88269705	2
81567	140	10.16026131	1
81621	137	21.449808	2
81621	32	31.23915597	2
81615	175	27.80665984	2
81624	109	10.16602742	1
81635	35	70.34350442	2
81621	72	16.66480449	1
81618	49	10.43858646	1
81618	269	97.77675066	2
81566	152	277.7189542	6
81564	135	159.1535045	7
81566	168	201.1319958	6
81627	71	26.11965436	1
81633	232	13.88577718	1
81628	85	18.92987415	1
81618	72	45.71016851	2
81621	40	53.84094293	3
81633	83	85.45674464	1
81634	202	483.3289077	9
81628	168	36.13676932	2
81625	127	10.80441587	1
81556	118	99.75451153	8
81557	55	21.32682273	2
81565	95	55.62025539	3
81623	81	13.70645171	1
81616	229	18.05295011	1
81568	213	109.3193801	4
81627	138	223.5387986	5
81565	268	136.3633916	4
81631	5	11.39924421	1
81624	195	12.46314275	1
81622	265	24.68469011	2
81567	244	42.78586985	2
81565	134	74.40626712	3
81622	18	135.4456952	2
81627	257	346.9332868	9
81625	182	20.13904428	1
81622	17	364.6790439	9
81635	36	22.06782178	1
81629	77	225.2863212	2
81628	252	85.50000615	4
81617	27	27.76990212	2
81568	49	121.9843897	5
81556	190	220.0441602	4
81619	115	25.39814851	1
81620	6	13.0443194	1
81618	243	106.7050408	10
81557	182	23.51168153	2
81565	126	84.34853789	5
81624	68	908.9246493	9
81616	10	62.20659235	3
81556	50	303.9180562	6
81616	17	19.41102917	1
81565	229	94.13371332	6
81626	12	312.0434295	4
81629	0	25.06615569	2
81624	97	11.44911466	1
81633	12	54.7344297	2
81567	108	158.1762842	5
81629	193	54.50555942	5
81568	105	39.04471595	3
81626	253	21.96364277	2
81557	78	365.6863962	6
81625	61	31.92638724	2
81623	196	15.08202389	1
81620	78	14.33439149	1
81557	193	276.1107244	23
81629	73	141.4124176	3
81624	215	34.34670228	2
81564	104	192.6825354	3
81633	68	32.31709483	3
81619	233	53.07617142	2
81620	151	21.47137989	2
81625	126	119.1240165	3
81626	8	23.3158904	1
81626	248	61.26703562	3
81629	115	10.62919672	1
81621	136	62.01511175	3
81628	118	21.73942671	2
81630	113	16.48396407	1
81565	215	144.6916686	7
81629	133	11.49980914	1
81627	17	32.51074808	2
81557	67	104.890479	4
81616	69	20.80852992	2
81565	142	130.9319608	6
81625	204	29.22067073	2
81624	128	52.80621702	2
81622	156	47.93543633	2
81631	266	32.1203424	2
81616	129	19.90723843	1
81616	54	37.55904397	2
81622	81	73.37525136	2
81624	246	490.0423976	6
81622	54	88.92022052	2
81634	81	20.66391141	2
81565	167	38.31882601	3
81630	257	37.1148878	2
81565	265	175.2015155	6
81614	96	10.88681646	1
81617	115	139.3296351	2
81623	205	53.32177475	3
81565	267	91.75274245	5
81623	249	70.82770015	2
81627	83	10.36594418	1
81624	254	135.1149188	2
81629	122	10.01442018	1
81620	220	18.47574596	1
81627	233	21.62385401	2
81621	68	26.72717598	2
81630	127	31.69724699	1
81567	134	177.3512773	8
81620	183	12.40451274	1
81629	152	38.93302362	2
81632	45	12.15004476	1
81613	202	72.89525256	2
81566	255	212.6526257	7
81625	214	30.36118746	2
81627	105	70.6259721	2
81557	161	12.48441162	1
81567	205	156.1342465	9
81564	246	174.983576	9
81625	100	14.02512854	1
81629	27	37.35688281	2
81629	83	79.364386	4
81630	43	80.21019077	2
81567	236	35.39988859	1
81567	73	61.71026801	4
81567	88	207.184941	7
81566	237	58.72925479	3
81615	225	34.6883423	2
81564	176	62.26392097	4
81615	30	204.4995324	6
81613	8	14.63851118	1
81568	240	63.3968343	2
81632	4	27.15609045	2
81626	21	61.03642864	3
81616	9	62.32151839	3
81617	66	45.74307201	2
81557	92	12.16634099	1
81617	165	11.57815114	1
81567	131	223.5892214	6
81619	254	38.47869694	3
81633	139	37.01029185	2
81566	199	476.2917415	12
81616	58	17.2687696	1
81567	196	129.4300194	2
81632	245	19.79970966	1
81625	241	11.41390917	1
81630	28	37.74177898	2
81624	143	94.01627765	2
81626	262	166.5163704	2
81626	223	10.95167398	1
81616	271	20042.05847	1805
81621	148	10.33223491	1
81567	237	91.59671839	5
81557	114	26.47361484	2
81630	132	94.33579345	4
81614	222	10.67779344	1
81621	81	42.42636999	2
81564	192	69.27990981	5
81621	263	38.91375061	2
81565	96	140.9596215	4
81616	150	52.45272154	3
81622	36	43.67820918	2
81619	79	10.13671947	1
81634	163	109.5233899	3
81627	148	13.433445	1
81621	234	10.02793159	1
81626	204	10.19431198	1
81568	210	102.5319096	4
81630	182	33.76279055	1
81622	0	71.99602582	2
81633	202	12.80641524	1
81633	65	28.77399072	1
81632	206	10.87533042	1
81624	107	27.99861242	2
81617	117	47.71420422	2
81615	88	39.1167332	3
81567	177	217.5437535	2
81631	6	73.27760115	2
81615	168	22.69886977	1
81617	113	230.1587476	3
81617	97	177.7378675	3
81567	189	241.8126723	10
81631	135	10.65899895	1
81630	122	11.42574398	1
81568	88	13.7636617	1
81633	137	47.49786608	3
81617	256	66.15354908	2
81619	209	22.35285975	2
81565	53	260.6917902	7
81635	10	22.94660308	1
81564	158	176.3027227	6
81568	91	62.68601963	3
81566	235	51.80358473	3
81567	76	80.71366593	5
81618	108	52.31217979	2
81617	45	41.55966825	2
81635	111	22.26720585	2
81616	222	19.84736805	1
81616	91	76.84507943	4
81630	85	28.99842924	2
81568	252	94.48682073	5
81614	133	32.19692979	2
81627	94	144.79387	3
81564	161	681.9803047	63
81618	103	69.21868561	2
81629	139	23.54912441	2
81627	26	26.14483965	2
81565	77	76.08035199	4
81567	51	68.57775857	4
81630	236	22.95579377	2
81618	115	26.2060056	2
81628	58	30.42425985	1
81618	61	10.09280238	1
81566	66	134.6356382	8
81556	91	60.85375845	2
81618	113	12.50069452	1
81630	163	11.98949594	1
81568	73	221.5038637	4
81568	255	27.27239493	2
81617	98	162.4333822	3
81626	129	15.19324871	1
81614	154	22.57143486	2
81614	231	33.26842751	2
81566	131	262.0150828	12
81626	40	27.46463896	2
81629	141	40.53493672	2
81617	106	277.445519	5
81617	144	33.16238676	2
81617	10	50.55208133	1
81565	148	26.09631377	2
81635	92	31.28485916	2
81618	124	24.69083268	2
81623	212	14.46720073	1
81617	174	214.8349233	19
81632	74	10.71005608	1
81614	191	48.64819585	3
81617	231	78.03146105	1
81625	234	257.7461838	5
81564	111	86.270612	5
81630	198	10.19636667	1
81617	17	10.03416252	1
81568	170	63.25768396	4
81619	267	18.65534916	1
81557	136	65.48773917	4
81617	130	161.8594162	4
81615	167	22.85824497	2
81619	23	22.80685397	2
81617	135	146.9074531	7
81564	98	32.50289495	2
81631	2	10.38041831	1
81564	151	110.4005008	6
81630	264	78.52366397	2
81625	262	18.1814354	1
81566	173	17.57066358	1
81613	203	22.07867794	1
81618	97	44.08499589	4
81632	19	6428.37994	603
81627	8	77.34624629	2
81617	64	41.75671372	2
81632	146	67.30503071	2
81567	190	161.1642657	8
81624	241	260.6439969	3
81623	41	10.84798447	1
81630	156	10.74756533	1
81617	201	14.05304359	1
81557	80	120.2942647	6
81557	118	63.514777	6
81613	16	23.20322423	2
81617	25	30.53477661	1
81567	132	217.4032613	14
81614	124	60.77597558	2
81620	80	39.01628785	2
81627	118	39.86871942	2
81626	159	22.95500157	2
81635	231	28.40395883	2
81568	102	23.12222328	1
81617	44	73.45304789	2
81623	118	12.48642463	1
81618	232	15.40387559	1
81565	174	409.6633209	33
81634	99	31.70784421	2
81615	39	20.95101687	1
81631	174	71.39542967	7
81566	83	746.0446601	28
81617	216	428.296728	6
81622	189	13.84117778	1
81567	137	367.7830608	10
81622	271	20413.78958	1822
81557	250	273.5047292	6
81568	250	27.63405187	2
81623	75	38.42512315	2
81617	209	85.98455062	4
81626	230	39.00729448	2
81631	110	60.26533385	3
81566	205	51.65111751	3
81621	222	219.5786445	4
81631	179	76.95492409	7
81635	221	10.70704814	1
81631	203	69.9904387	2
81624	129	41.98982809	2
81615	260	402.3341481	31
81568	61	86.70982541	3
81624	271	22821.94119	2057
81627	120	46.97260578	2
81615	158	10.22987115	1
81567	248	10.918657	1
81618	187	47.21629144	2
81633	77	30.7480968	1
81621	92	47.38109771	2
81613	24	32.28027501	1
81625	110	12.51165964	1
81621	220	33.79083968	2
81630	135	173.7174963	4
81623	226	11.29817155	1
81564	242	49.71208616	2
81568	227	22.61556715	2
81565	82	95.38691803	2
81625	62	76.13406238	3
81629	14	48.81692916	2
81627	87	17.37947569	1
81617	227	26.77336885	1
81619	124	41.57779942	3
81617	207	62.68504157	2
81557	148	118.5131192	4
81615	244	15.99285387	1
81556	245	22.92507026	2
81617	132	10.83299394	1
81564	126	154.8265474	6
81565	89	72.7929567	5
81556	256	117.5520076	6
81630	13	44.15962149	2
81617	261	43.852188	2
81567	213	164.3954359	9
81568	208	205.829821	6
81629	230	150.8399181	2
81616	5	84.4677272	5
81564	228	182.8250595	7
81618	110	61.77803733	4
81617	156	14.73654645	1
81617	253	22.85238627	1
81618	74	31.12531209	2
81615	49	28.53122069	1
81621	114	149.894606	2
81622	2	52.5002729	2
81613	101	45.18736144	3
81622	28	16.2439955	1
81632	84	13.60877709	1
81635	94	12.81505445	1
81614	139	40.59807238	2
81618	188	181.3050339	3
81613	248	13.13213417	1
81566	193	1608.962986	140
81626	11	274.8668635	6
81567	199	40.86131445	3
81618	117	20.76965025	1
81614	265	30.86983092	2
81618	31	11.61929012	1
81619	190	105.9209479	3
81613	257	15.47291599	1
81568	193	1148.106901	93
81619	189	12.3629207	1
81567	201	247.8338332	7
81620	98	50.4910871	2
81567	97	118.5607224	10
81634	203	12.89465091	1
81627	176	80.27677561	2
81620	112	12.76531473	1
81567	106	204.9326959	10
81565	85	318.8083708	9
81617	137	187.613975	5
81568	205	190.5553007	4
81635	226	1391.17925	9
81616	20	16.90479381	1
81635	19	11309.6715	1051
81568	214	91.09558168	4
81616	141	11.38169058	1
81634	21	63.18483964	2
81615	223	12.92565281	1
81628	63	14.09441824	1
81566	231	58.80210349	5
81564	206	84.19732644	7
81617	114	258.0778111	3
81567	168	179.7910111	6
81615	148	27.64477824	2
81566	162	31.42043986	2
81567	227	51.07464131	3
81615	38	12.00871426	1
81616	60	48.3362137	2
81629	67	10.35560987	1
81627	69	34.63263932	3
81564	50	145.4217716	7
81567	187	57.88902526	4
81617	9	13.78262156	1
81616	238	40.59746543	2
81616	243	53.67516489	5
81619	9	41.60835776	2
81567	176	528.0535855	10
81556	223	61.73008905	4
81634	132	52.03481068	2
81568	113	36.63051421	2
81630	78	26.18618411	2
81615	179	88.95706173	6
81633	270	34.52768097	2
81617	204	10.54747847	1
81621	167	16.72434023	1
81616	194	53.48701588	2
81614	185	12.26056449	1
81622	131	25.06485847	2
81622	267	60.44036412	2
81615	45	14.64729996	1
81616	220	132.0975494	2
81633	217	111.4514549	2
81621	144	15.35202805	1
81613	36	10.03956909	1
81568	197	80.51796824	3
81626	178	85.9485362	5
81613	163	10.54987405	1
81565	117	168.5083129	5
81632	169	93.01804942	2
81616	165	48.5009986	2
81568	207	44.2428662	3
81627	128	99.10354057	4
81564	68	154.2075135	10
81629	268	28.29451873	2
81567	216	15.95693263	1
81626	104	52.5670766	4
81567	225	186.9107841	3
81564	128	10.13999538	1
81557	77	335.2345075	6
81616	0	10.53846188	1
81616	174	32.52700195	3
81568	79	176.7124705	4
81615	228	64.84157442	3
81567	258	99.01353522	7
81567	243	333.7376038	15
81623	115	11.65334626	1
81567	251	58.31301497	4
81621	207	46.67564008	2
81632	106	32.56847189	2
81615	72	10.15913754	1
81618	60	17.82147186	1
81620	79	21.93578198	1
81566	214	30.45100469	2
81633	143	10.29286581	1
81566	233	44.13997486	4
81631	50	40.68902903	2
81620	88	44.99188897	3
81616	206	10.48925175	1
81618	19	6798.146766	633
81613	267	24.81916883	2
81631	138	25.36007705	2
81619	122	97.72291424	2
81557	252	526.4906231	10
81632	243	95.93100053	8
81617	78	49.5285025	4
81620	201	32.82632327	2
81624	132	120.3455002	4
81635	129	113.9095164	4
81556	174	768.4087448	66
81614	271	24020.06093	2159
81614	241	22.73361552	1
81624	5	30.34415883	2
81565	172	111.3074507	5
81625	193	93.7252245	8
81624	72	1151.478456	6
81565	233	199.3014654	9
81613	64	10.28698158	1
81630	233	10.56935286	1
81566	79	77.50112593	6
81568	119	166.916855	6
81565	173	11.35445685	1
81565	144	236.1990683	8
81614	45	11.27493585	1
81614	140	17.78140562	1
81564	94	186.5007778	9
81567	92	75.55127676	3
81616	124	188.714883	5
81623	23	10.5028796	1
81619	167	29.98108957	2
81567	146	194.8575462	8
81614	163	53.42771402	2
81631	23	16.90365586	1
81614	43	41.54023702	2
81567	139	73.49729184	4
81565	189	21.78396792	1
81614	234	65.63832582	3
81625	109	30.34754232	2
81624	67	502.6779282	5
81630	193	157.432937	13
81565	86	105.1102508	5
81616	146	10.30134356	1
81566	95	130.9282714	7
81626	197	43.83519664	2
81567	57	20.50734451	2
81632	255	64.0399764	2
81614	223	12.52618132	1
81633	38	15.69375712	1
81616	260	615.6399041	46
81614	113	34.43399691	3
81566	219	62.23503611	2
81567	171	137.4049391	9
81634	209	12.59541316	1
81620	207	212.3908718	2
81632	44	95.78732416	5
81566	189	601.2999944	9
81632	105	37.98054624	2
81565	238	93.74773773	4
81617	239	26.12212654	2
81568	257	124.108081	4
81622	252	28.65514522	1
81615	27	11.21703939	1
81620	128	151.880445	7
81633	25	38.98122473	2
81564	86	47.25524373	3
81628	246	138.2141238	3
81630	263	80.46917585	3
81564	97	316.9828642	12
81566	60	206.0908894	11
81620	243	101.0220606	8
81614	26	27.59687833	2
81567	94	229.4190643	8
81566	57	112.2655896	6
81566	88	170.5526862	7
81568	59	183.9139319	4
81614	30	26.61540635	2
81566	241	144.8027703	5
81568	242	47.10398758	2
81630	118	38.01046491	2
81556	189	460.9612991	8
81566	92	29.49439484	2
81630	226	46.78486068	2
81619	69	50.55465957	4
81622	38	39.39538571	2
81567	54	221.7037293	10
81564	226	41.22948278	3
81567	93	63.25667634	5
81622	226	27.43230747	2
81626	69	38.74509217	3
81616	138	124.7283738	2
81630	84	44.85138681	2
81624	54	228.4980574	3
81557	229	105.3897603	2
81617	11	10.45852694	1
81556	260	274.3878603	12
81627	243	73.01676174	7
81617	105	189.303848	2
81622	268	31.88532634	2
81632	271	15487.90883	1401
81630	265	13.87495208	1
81621	82	22.22691916	2
81621	240	10.82411314	1
81621	123	10.55297394	1
81624	18	24.94185679	2
81624	136	28.50262257	2
81624	45	522.7533279	5
81630	32	22.2436429	1
81567	50	60.81040593	4
81615	123	10.99320709	1
81623	12	15.37355648	1
81556	73	45.4088601	4
81633	132	37.74677113	3
81627	65	30.67083345	2
81630	31	23.58711822	2
81557	248	62.56039984	4
81615	55	22.3911535	2
81614	68	20.16321872	2
81621	193	281.9494083	10
81568	128	151.4616869	6
81632	254	12.24280999	1
81618	271	23484.90143	2094
81624	63	132.9905579	3
81627	23	12.1812558	1
81633	264	14.06578232	1
81618	167	13.34264773	1
81618	122	29.54752609	2
81624	137	23.32853765	2
81565	196	93.83407483	4
81618	165	61.57179706	2
81634	174	200.7652507	19
81613	65	15.83436293	1
81567	215	210.0928744	10
81631	95	47.57716925	2
81626	206	136.9148841	5
81629	234	24.35295632	2
81617	214	193.7940853	3
81625	178	10.70036068	1
81614	51	11.89340944	1
81556	143	103.8622382	4
81616	142	10.7093446	1
81556	220	81.8246386	6
81568	140	43.52697781	3
81564	79	60.64393071	4
81630	105	14.07125357	1
81621	97	62.17253606	5
81566	137	534.6388761	14
81556	244	476.9279767	6
81634	115	110.4255059	5
81625	133	60.36074839	4
81564	244	29.1734115	2
81629	90	14.08401152	1
81629	246	50.6454619	4
81615	243	31.03678082	3
81621	143	53.6645502	2
81615	65	22.10200642	2
81617	112	283.3968175	3
81564	67	349.3623881	7
81618	109	44.62925536	3
81624	255	226.6634429	3
81616	78	30.42981952	2
81635	178	10.41128916	1
81567	111	188.0527568	6
81615	42	74.25360653	2
81619	177	77.78804174	4
81624	8	31.41271348	2
81632	220	50.41638052	2
81624	256	663.1762106	6
81617	58	11.42180958	1
81564	193	1564.575825	124
81568	156	25.16711843	2
81630	199	26.50897632	2
81567	150	55.13477959	4
81625	233	132.9585622	3
81567	84	39.50935722	3
81564	258	126.6803992	5
81566	147	92.91287812	2
81624	243	322.4683161	9
81615	247	13.40063637	1
81618	193	168.3322418	12
81623	190	10.94113001	1
81623	135	43.71197628	2
81634	126	25.43992043	2
81556	246	247.3258694	12
81566	267	84.20303969	4
81625	161	14.04241446	1
81634	19	14747.49842	1373
81634	162	14.43180968	1
81632	123	240.2369941	5
81566	228	158.6719986	5
81629	33	13.38268188	1
81613	266	20.94280979	1
81565	208	306.2569027	8
81564	241	18.72977362	1
81625	179	123.0957674	10
81566	106	244.0320358	9
81614	97	60.90511107	2
81615	126	15.87734573	1
81619	173	10.00696583	1
81613	232	11.96541495	1
81566	260	330.5858914	18
81627	203	13.12750714	1
81621	85	36.73395956	2
81565	248	129.6086113	8
81557	81	14.24148839	1
81635	65	34.4811385	2
81613	264	56.80636723	3
81622	112	22.71415872	2
81564	74	43.5365765	4
81616	255	31.0811392	1
81556	257	63.28228434	2
81626	10	11.8057597	1
81567	147	119.6059985	5
81625	238	42.86353776	2
81618	9	33.44043134	2
81567	75	178.5828541	7
81629	175	50.54838013	1
81565	175	37.93124494	2
81635	260	446.4510147	39
81635	116	74.49270061	2
81619	146	33.70451776	2
81615	138	12.11119579	1
81613	157	86.43024682	2
81616	31	103.0111858	2
81633	131	10.15914315	1
81568	176	70.37934682	5
81566	197	225.2698896	10
81618	142	43.59697263	3
81566	230	100.0399209	5
81617	254	10.43269441	1
81618	2	91.12340112	3
81565	81	236.4780402	7
81617	222	76.64994962	2
81630	137	57.36452702	3
81631	113	17.88036749	1
81627	93	11.08609399	1
81635	31	444.5634533	8
81616	178	10.88649735	1
81565	197	10.669873	1
81616	123	146.0748016	3
81615	124	59.39633589	3
81628	163	32.96404989	2
81619	110	21.72108101	2
81624	248	329.0828611	4
81624	166	48.09103919	3
81564	132	165.3774571	11
81618	54	13.39348853	1
81620	165	34.23287787	3
81568	160	19.93660548	1
81621	236	30.0607406	1
81624	69	1635.364396	15
81618	6	242.6292728	4
81565	158	13.75165728	1
81628	84	38.70948156	2
81624	112	17.07510595	1
81567	260	158.646777	11
81568	225	78.50212764	4
81568	263	222.4749263	4
81626	13	85.3853491	4
81616	182	60.45103959	3
81632	21	26.8434421	1
81627	129	44.6282173	3
81634	267	49.12928641	2
81622	227	11.17686728	1
81622	120	23.36233858	1
81567	110	389.6479254	16
81566	249	228.0812772	9
81625	258	60.0899102	4
81622	82	105.1215878	2
81617	170	94.61513233	2
81634	206	13.98361394	1
81564	106	62.25394182	4
81624	194	11.02753119	1
81617	206	38.48610326	2
81630	49	25.88343701	2
81567	60	75.37454133	2
81622	12	32.01384365	2
81615	147	12.2213172	1
81624	213	242.6574861	6
81614	192	86.77330361	4
81626	199	32.23268764	2
81624	216	75.93486436	4
81632	184	13.77452423	1
81567	107	125.095369	7
81567	254	22.78413955	2
81629	55	10.43630383	1
81629	163	43.1790175	2
81626	177	36.56656377	2
81568	72	201.1303731	5
81618	224	27.54566066	1
81566	160	27.50465223	2
81556	157	59.76506366	2
81617	212	50.67579858	3
81566	211	72.65912651	3
81631	36	23.50940572	1
81617	166	10.75186595	1
81629	257	42.2782475	2
81568	254	118.6131451	8
81613	254	84.36725668	2
81567	191	168.525694	9
81613	69	11.20473551	1
81630	243	62.25828862	6
81634	168	26.87844693	2
81566	238	62.03724712	4
81621	253	22.54575775	2
81619	263	10.87277741	1
81633	136	237.2423974	2
81625	75	47.66096091	2
81634	222	28.2464092	2
81614	243	202.5840455	11
81567	183	103.4128304	7
81633	101	92.61280079	3
81631	130	51.22842981	3
81624	238	61.67875253	3
81567	265	363.1934225	16
81631	195	33.36008826	2
81631	137	16.02931183	1
81625	271	25366.53733	2272
81626	254	183.3813659	5
81628	36	98.63221564	4
81624	79	52.27670534	2
81635	253	21.66192199	2
81634	118	17.97399075	1
81635	250	10.36257471	1
81568	55	339.3474978	9
81619	103	117.73348	2
81634	36	72.5219255	2
81614	256	13.68232807	1
81565	210	284.0661081	6
81630	38	44.74160184	3
81624	249	170.6618795	4
81621	214	12.00293465	1
81626	243	64.59638957	6
81622	145	11.72060854	1
81617	255	10.26266464	1
81568	94	41.25810207	3
81624	268	12.81303416	1
81568	191	59.37533986	3
81633	48	17.74890359	1
81564	266	138.2896295	6
81632	3	28.00630601	2
81567	165	649.3585072	11
81634	91	20.02430468	1
81566	119	77.92837396	5
81627	158	27.64832504	2
81634	0	116.1883066	3
81618	174	149.6808864	14
81567	218	42.5064842	3
81617	173	11.25404491	1
81564	144	42.4316141	3
81565	146	80.84763895	5
81618	219	77.14696614	2
81624	51	195.7623742	3
81564	227	132.3144129	6
81613	269	21.46755407	1
81633	206	37.15802143	3
81634	253	41.47644793	2
81619	97	20.94266359	2
81625	63	74.40649374	3
81624	95	38.39471304	1
81568	106	64.30610582	4
81566	122	172.010627	10
81567	204	65.5719898	5
81567	103	46.26350481	3
81567	121	167.5409235	8
81632	152	11.00433276	1
81565	240	12.76757832	1
81624	251	115.7897574	2
81634	83	42.36257784	4
81630	131	29.9383769	2
81615	205	32.78907503	2
81632	244	19.64745101	1
81564	250	113.0083298	5
81631	271	17311.05532	1554
81564	238	98.44352397	2
81614	137	15.9112348	1
81623	48	23.01664579	2
81613	106	28.69756029	2
81631	223	105.730912	7
81566	250	46.20246946	2
81568	199	81.13792511	4
81613	200	21.93102998	2
81617	218	855.7380788	6
81625	2	144.1517791	4
81568	267	64.69490897	5
81564	249	174.337501	10
81617	205	24.21146239	2
81618	210	29.81990238	2
81566	121	137.5859181	7
81615	69	62.6976937	6
81625	49	145.6352011	4
81616	27	10.08678373	1
81624	71	729.7525938	8
81625	210	12.66152476	1
81618	164	208.995738	5
81568	97	95.78594291	8
81628	28	32.64370654	2
81566	113	164.0461249	9
81615	229	55.80227667	4
81556	266	112.2065035	4
81618	163	317.6872585	4
81567	200	207.5969994	9
81557	66	70.26911118	4
81634	254	12.86425489	1
81616	231	67.33159232	2
81623	0	100.5303988	4
81616	75	12.07173712	1
81617	194	12.77978004	1
81626	126	75.28730472	5
81556	170	150187.0656	13938
81615	190	11.15729532	1
81568	52	48.02714236	2
81634	43	10.83057649	1
81568	123	119.4633219	7
81568	233	12.65832999	1
81630	44	71.51882069	2
81621	255	73.72816393	2
81623	66	10.19966625	1
81615	135	19.73725842	1
81619	221	13.18259667	1
81567	233	373.4873167	14
81629	232	95.98462864	2
81626	231	148.0625422	5
81613	60	10.55419917	1
81616	34	11.97322975	1
81565	217	32.92920277	2
81625	260	604.1542493	54
81568	158	192.6801398	5
81622	230	34.92293541	2
81557	159	106.4792878	4
81632	80	26.92201498	2
81615	184	12.97928084	1
81565	190	63.92120309	5
81619	34	10.93887612	1
81567	126	133.7084213	6
81631	164	75.98703867	4
81564	78	69.80673299	2
81568	142	43.82170747	2
81621	260	424.811303	39
81630	258	112.3816427	2
81622	150	14.727313	1
81565	160	210.3739223	8
81634	193	156.9169403	11
81632	1	81.27268076	4
81617	99	144.9325613	3
81564	240	41.75826022	2
81635	108	10.12699809	1
81614	8	15.86830387	1
81564	85	10.35362878	1
81620	221	43.35479608	4
81619	191	56.95563297	4
81620	49	48.91420931	4
81620	268	10.514838	1
81564	113	126.7535078	5
81619	219	11.3363737	1
81625	136	14.47979958	1
81614	99	42.52518585	3
81625	270	11.10030126	1
81614	193	76.15383528	7
81566	94	175.5241794	9
81620	188	34.68714336	2
81566	143	204.9640816	4
81616	126	154.129658	6
81618	7	160.2956564	4
81567	264	494.9223011	15
81614	187	51.09025915	2
81566	72	45.55694224	4
81618	141	95.12801684	4
81621	38	40.96511524	2
81623	260	233.0122674	21
81624	55	919.7797105	7
81631	191	11.93921101	1
81620	197	51.16463202	2
81634	74	10.4347602	1
81630	244	11.6276986	1
81618	159	17.59213019	1
81626	82	11.38505467	1
81634	256	49.57329924	2
81620	77	15.40240249	1
81567	105	141.2699307	8
81621	181	40.54625445	3
81564	157	73.60442834	3
81620	213	34.53648119	2
81624	240	194.6951081	3
81625	123	22.54604075	2
81614	25	10.70112945	1
81568	84	41.86855816	2
81567	178	300.8299874	24
81625	81	15.3508061	1
81567	269	205.4882915	6
81619	247	35.36629662	2
81627	262	40.16289273	2
81623	231	28.29319384	2
81567	49	153.7699964	9
81624	149	12.32344221	1
81617	67	42.83500521	2
81622	31	27.37005245	1
81620	134	344.6103383	9
81626	246	33.61602124	2
81566	176	114.951647	8
81568	116	53.12271156	4
81625	167	16.19154738	1
81622	100	10.21498736	1
81625	259	114.7176953	3
81633	88	10.33029605	1
81625	83	57.35598479	5
81616	147	18.78986181	1
81568	145	81.4802108	4
81627	33	11.72773783	1
81568	74	190.1323174	3
81626	5	15.01568494	1
81617	111	230.2014639	2
81627	61	63.43965673	2
81619	164	185.5857035	2
81626	118	57.82700022	2
81629	254	10.76530307	1
81633	127	11.15178774	1
81568	114	56.44527008	2
81621	86	206.6448765	4
81619	4	14.81979933	1
81613	13	64.92886567	2
81622	94	68.1284672	2
81557	245	201.2238642	4
81568	78	403.3284691	7
81621	158	37.04922491	3
81564	120	65.75790286	4
81625	249	52.348393	2
81568	168	95.86343199	2
81635	83	44.45155564	4
81621	122	29.90677672	2
81628	127	37.02571172	2
81565	255	85.97781527	5
81626	139	53.16904249	4
81564	201	33.28083674	2
81620	73	10.57713345	1
81625	82	18.14192041	1
81622	75	12.42871306	1
81632	223	12.79706979	1
81632	125	24.42477189	2
81635	66	78.3314774	2
81567	223	232.522482	7
81620	252	41.38149011	3
81633	151	10.48538136	1
81624	93	10.40602884	1
81567	130	236.2117485	12
81620	115	128.5533127	2
81567	268	112.7342859	5
81628	13	15.25093398	1
81629	171	58.9994489	3
81628	167	25.98304435	2
81568	262	82.34834761	2
81625	114	11.46028637	1
81626	83	22.49325216	2
81634	127	45.22011697	2
81613	179	30.5854724	3
81624	77	81.48667528	2
81565	143	248.4176792	12
81567	48	72.55321309	6
81565	239	14.66062671	1
81622	46	46.13672531	3
81566	257	80.79591021	3
81614	47	31.64785432	2
81565	69	469.6088742	38
81626	222	30.54272485	2
81620	266	11.07965592	1
81627	145	41.53913691	3
81624	64	262.6318996	3
81628	176	99.80608217	4
81616	156	58.27944299	3
81625	3	269.8932327	5
81633	75	22.36160495	2
81636	260	11.70850605	1
81624	60	35.15790478	2
81566	164	26.743263	1
81624	259	335.4335295	4
81624	123	79.69667496	3
81617	149	10.9363872	1
81631	253	10.68086473	1
81564	102	125.8891898	6
81565	264	357.9964571	14
81616	112	10.49843482	1
81628	268	14.72442209	1
81567	153	26.24126715	2
81621	73	37.38594665	2
81564	108	137.994623	4
81566	128	250.5322482	12
81633	260	376.9596049	35
81567	271	214886.739	19586
81618	23	49.86347595	2
81617	260	1036.897008	93
81613	85	18.37982369	1
81557	183	132.5793085	2
81635	170	150.6354128	4
81613	27	46.96798636	4
81631	132	21.14372419	2
81565	259	10.00231377	1
81568	108	35.96059883	3
81567	129	201.0498107	13
81623	250	12.36720395	1
81556	192	257.6945954	4
81619	84	15.12701438	1
81626	124	55.61819501	3
81615	182	14.19787754	1
81628	11	21.37703335	1
81620	257	50.11287171	1
81618	123	57.21208699	4
81625	68	194.7982688	2
81625	134	29.02097324	2
81616	258	10.20232434	1
81624	56	194.8397197	3
81632	49	21.09300262	2
81629	40	21.60448911	2
81564	173	46.37244047	3
81628	115	11.56300099	1
81629	153	35.33892908	3
81633	271	14964.60237	1343
81627	131	137.793677	2
81625	69	77.14501133	7
81620	124	10.89489831	1
81616	103	43.33223517	2
81565	200	96.67506358	5
81619	41	47.62649602	3
81624	206	41.51150923	4
81627	241	10.53089513	1
81625	117	22.35616113	1
81617	220	23.98292972	2
81626	41	46.54982357	3
81620	138	36.54155277	2
81564	268	232.5192593	8
81627	204	39.94107907	2
81635	133	89.14943763	5
81565	195	207.1594221	5
81565	52	255.9304648	5
81565	150	51.51996594	2
81614	237	32.10175392	2
81617	123	22.58918227	2
81624	231	10.43234775	1
81615	100	11.72739952	1
81620	121	11.41790206	1
81634	48	11.34669499	1
81625	6	82.59766003	2
81620	116	27.03392653	2
81625	120	10.83598983	1
81634	20	32.86181714	1
81617	210	49.19186466	2
81568	64	82.81637224	5
81627	227	10.06747719	1
81617	100	93.71113604	2
81567	74	30.63890903	2
81620	43	47.92055397	2
81620	133	362.5730585	10
81615	144	41.30492942	3
81628	123	21.56470319	2
81621	163	10.98486503	1
81566	73	204.3804653	7
81615	12	49.77651102	2
81632	12	31.43338376	2
81624	239	180.2991836	4
81633	254	11.0701048	1
81564	232	29.83683792	2
81625	21	10.59211911	1
81633	94	42.70362653	2
81618	153	14.56523029	1
81626	108	22.25013418	1
81565	118	159.2384854	9
81619	163	22.1525447	2
81618	250	22.64002478	2
81614	261	21.23288402	2
81624	61	21.34177562	2
81621	174	116.776954	11
81617	109	219.0202855	2
81620	92	39.02233991	2
81619	169	10.89459454	1
81628	27	155.1231536	3
81629	213	10.85954346	1
81631	206	46.839519	4
81565	119	101.390082	6
81626	114	131.5074633	3
81556	109	56.904675	4
81625	128	12.39484452	1
81626	232	60.37966932	3
81631	147	24.41813922	1
81622	179	174.4779645	15
81567	242	100.728912	4
81556	213	87.55658413	4
81566	130	52.89880714	5
81624	110	12.03943877	1
81617	118	59.89028483	3
81631	196	27.88630897	2
81564	147	167.4373203	4
81627	261	26.54289809	2
81565	101	71.6245949	3
81619	166	10.35331959	1
81628	190	34.18688566	2
81614	204	39.65506169	2
81564	156	93.71479779	2
81615	145	54.81395175	2
81557	206	12.01174607	1
81617	83	65.16603496	4
81622	146	54.70210454	3
81616	139	130.9770721	5
81625	251	30.53825888	2
81557	253	27.43450679	2
81564	133	268.8492864	9
81616	155	69.48670671	4
81622	5	13.31766878	1
81618	234	13.10644033	1
81615	193	98.25459186	8
81615	153	17.89432739	1
81557	243	156.5339711	14
81616	154	26.26277099	2
81625	183	10.48589799	1
81628	262	14.18783058	1
81626	133	25.29520157	2
81620	142	105.691628	4
81566	68	123.2618847	9
81613	241	49.49392001	2
81628	39	16.62526515	1
81566	256	10.46952262	1
81565	108	81.52682796	3
81565	48	194.0186853	3
81564	89	234.1690196	6
81632	209	18.42445769	1
81632	236	66.65550989	2
81567	65	23.59376264	2
81626	264	29.22213241	2
81619	264	10.99314455	1
81567	186	51.67006138	4
81623	55	10.0566097	1
81632	178	125.5652887	2
81630	111	23.03446749	2
81621	4	42.50492289	3
81568	216	13.80133724	1
81617	102	487.6545976	5
81618	98	17.58978871	1
81556	53	298.2676386	4
81622	97	41.99816466	4
81567	152	70.21000202	5
81616	161	35.80428044	3
81627	106	75.19262242	3
81621	264	17.88496392	1
81618	41	10.93503151	1
81626	130	21.51712803	2
81568	122	15.0397908	1
81635	110	23.57177474	1
81557	89	142.8636139	8
81617	155	16.6630237	1
81568	189	17.11741187	1
81566	85	125.198831	6
81614	76	50.11386219	3
81632	97	90.29900612	3
81629	38	20.99228346	2
81617	270	24.9622088	2
81619	31	54.66979531	2
81556	168	20.37157592	2
81556	139	31.02205666	2
81620	184	31.79555842	2
81630	178	10.82518456	1
81627	258	238.6269092	5
81626	48	43.04927279	1
81566	192	189.2336579	12
81625	180	11.35193173	1
81632	151	36.73708863	2
81631	268	27.68516675	2
81628	31	74.56512834	2
81567	185	160.8766359	3
81615	128	61.65899073	3
81567	261	43.67495153	2
81618	223	21.41713509	1
81635	210	10.42745281	1
81619	62	33.14379536	1
81626	192	29.08897335	2
81623	84	31.32537384	2
81614	60	48.49796057	3
81618	221	78.33357084	4
81619	45	32.32597	2
81615	265	30.89479926	2
81613	174	51.00672697	5
81632	13	150.721912	6
81565	130	96.27661474	4
81566	156	12.24748856	1
81615	213	18.82369354	1
81635	243	53.05054853	5
81566	99	376.2995945	15
81566	110	489.441981	12
81625	121	24.68198963	2
81566	187	148.8960597	10
81625	142	46.58962867	4
81565	123	182.2457125	14
81568	248	38.0237092	3
81620	164	62.57938111	1
81627	130	74.3521717	4
81633	192	11.15049794	1
81620	155	57.80017903	2
81567	115	186.632091	6
81623	247	23.37177537	2
81619	26	10.7776507	1
81631	83	22.66943824	2
81618	69	56.78376821	5
81626	167	17.8919318	1
81565	72	108.1484884	4
81619	116	27.96380655	2
81628	69	10.82959846	1
81616	18	16.85553244	1
