#path	mtime
"/group/nu/ninja/work/otani/FROST_beamdata/test/rootfile_aftercalib/run00106_370000_379999_lightyield.root"	1763343943
"/group/nu/ninja/work/otani/FROST_beamdata/test/rootfile_aftercalib/run00106_270000_279999_lightyield.root"	1763216027
"/group/nu/ninja/work/otani/FROST_beamdata/test/rootfile_aftercalib/run00103_160000_169999_lightyield.root"	1762698125
"/group/nu/ninja/work/otani/FROST_beamdata/test/rootfile_aftercalib/run00103_50000_59999_lightyield.root"	1762697865
"/group/nu/ninja/work/otani/FROST_beamdata/test/rootfile_aftercalib/run00103_360000_369999_lightyield.root"	1762698599
"/group/nu/ninja/work/otani/FROST_beamdata/test/rootfile_aftercalib/run00103_410000_419999_lightyield.root"	1762698717
"/group/nu/ninja/work/otani/FROST_beamdata/test/rootfile_aftercalib/run00103_390000_399999_lightyield.root"	1762698670
"/group/nu/ninja/work/otani/FROST_beamdata/test/rootfile_aftercalib/run00103_230000_239999_lightyield.root"	1762698291
"/group/nu/ninja/work/otani/FROST_beamdata/test/rootfile_aftercalib/run00103_400000_409999_lightyield.root"	1762698694
"/group/nu/ninja/work/otani/FROST_beamdata/test/rootfile_aftercalib/run00106_160000_169999_lightyield.root"	1763087575
"/group/nu/ninja/work/otani/FROST_beamdata/test/rootfile_aftercalib/run00106_180000_189999_lightyield.root"	1763179931
"/group/nu/ninja/work/otani/FROST_beamdata/test/rootfile_aftercalib/run00097_10000_19999_lightyield.root"	1762697688
"/group/nu/ninja/work/otani/FROST_beamdata/test/rootfile_aftercalib/run00103_340000_349999_lightyield.root"	1762698551
"/group/nu/ninja/work/otani/FROST_beamdata/test/rootfile_aftercalib/run00103_200000_209999_lightyield.root"	1762698220
"/group/nu/ninja/work/otani/FROST_beamdata/test/rootfile_aftercalib/run00103_350000_359999_lightyield.root"	1762698575
"/group/nu/ninja/work/otani/FROST_beamdata/test/rootfile_aftercalib/run00103_280000_289999_lightyield.root"	1762698410
"/group/nu/ninja/work/otani/FROST_beamdata/test/rootfile_aftercalib/run00103_320000_329999_lightyield.root"	1762698504
"/group/nu/ninja/work/otani/FROST_beamdata/test/rootfile_aftercalib/run00106_310000_319999_lightyield.root"	1763267348
"/group/nu/ninja/work/otani/FROST_beamdata/test/rootfile_aftercalib/run00103_270000_279999_lightyield.root"	1762698387
"/group/nu/ninja/work/otani/FROST_beamdata/test/rootfile_aftercalib/run00103_240000_249999_lightyield.root"	1762698316
"/group/nu/ninja/work/otani/FROST_beamdata/test/rootfile_aftercalib/run00103_290000_299999_lightyield.root"	1762698434
"/group/nu/ninja/work/otani/FROST_beamdata/test/rootfile_aftercalib/run00103_330000_339999_lightyield.root"	1762698528
"/group/nu/ninja/work/otani/FROST_beamdata/test/rootfile_aftercalib/run00106_30000_39999_lightyield.root"	1763087061
"/group/nu/ninja/work/otani/FROST_beamdata/test/rootfile_aftercalib/run00106_110000_119999_lightyield.root"	1763087363
"/group/nu/ninja/work/otani/FROST_beamdata/test/rootfile_aftercalib/run00106_40000_49999_lightyield.root"	1763087091
"/group/nu/ninja/work/otani/FROST_beamdata/test/rootfile_aftercalib/run00103_170000_179999_lightyield.root"	1762698149
"/group/nu/ninja/work/otani/FROST_beamdata/test/rootfile_aftercalib/run00103_60000_69999_lightyield.root"	1762697889
"/group/nu/ninja/work/otani/FROST_beamdata/test/rootfile_aftercalib/run00103_220000_229999_lightyield.root"	1762698268
"/group/nu/ninja/work/otani/FROST_beamdata/test/rootfile_aftercalib/run00103_180000_189999_lightyield.root"	1762698172
"/group/nu/ninja/work/otani/FROST_beamdata/test/rootfile_aftercalib/run00103_370000_379999_lightyield.root"	1762698623
"/group/nu/ninja/work/otani/FROST_beamdata/test/rootfile_aftercalib/run00097_0_9999_lightyield.root"	1762697664
"/group/nu/ninja/work/otani/FROST_beamdata/test/rootfile_aftercalib/run00106_60000_69999_lightyield.root"	1763087212
"/group/nu/ninja/work/otani/FROST_beamdata/test/rootfile_aftercalib/run00106_210000_219999_lightyield.root"	1763180029
"/group/nu/ninja/work/otani/FROST_beamdata/test/rootfile_aftercalib/run00106_50000_59999_lightyield.root"	1763087121
"/group/nu/ninja/work/otani/FROST_beamdata/test/rootfile_aftercalib/run00097_20000_24953_lightyield.root"	1762697699
"/group/nu/ninja/work/otani/FROST_beamdata/test/rootfile_aftercalib/run00098_0_9999_lightyield.root"	1762697723
"/group/nu/ninja/work/otani/FROST_beamdata/test/rootfile_aftercalib/run00106_0_9999_lightyield.root"	1763086971
"/group/nu/ninja/work/otani/FROST_beamdata/test/rootfile_aftercalib/run00103_0_9999_lightyield.root"	1762338834
"/group/nu/ninja/work/otani/FROST_beamdata/test/rootfile_aftercalib/run00106_70000_79999_lightyield.root"	1763087242
"/group/nu/ninja/work/otani/FROST_beamdata/test/rootfile_aftercalib/run00103_190000_199999_lightyield.root"	1762698196
"/group/nu/ninja/work/otani/FROST_beamdata/test/rootfile_aftercalib/run00106_20000_29999_lightyield.root"	1763087031
"/group/nu/ninja/work/otani/FROST_beamdata/test/rootfile_aftercalib/run00098_10000_19999_lightyield.root"	1762697746
"/group/nu/ninja/work/otani/FROST_beamdata/test/rootfile_aftercalib/run00103_260000_269999_lightyield.root"	1762698363
"/group/nu/ninja/work/otani/FROST_beamdata/test/rootfile_aftercalib/run00106_170000_179999_lightyield.root"	1763180339
"/group/nu/ninja/work/otani/FROST_beamdata/test/rootfile_aftercalib/run00103_100000_109999_lightyield.root"	1762697983
"/group/nu/ninja/work/otani/FROST_beamdata/test/rootfile_aftercalib/run00103_90000_99999_lightyield.root"	1762697959
"/group/nu/ninja/work/otani/FROST_beamdata/test/rootfile_aftercalib/run00106_90000_99999_lightyield.root"	1763087303
"/group/nu/ninja/work/otani/FROST_beamdata/test/rootfile_aftercalib/run00103_130000_139999_lightyield.root"	1762698054
"/group/nu/ninja/work/otani/FROST_beamdata/test/rootfile_aftercalib/run00106_340000_349999_lightyield.root"	1763306155
"/group/nu/ninja/work/otani/FROST_beamdata/test/rootfile_aftercalib/run00103_10000_19999_lightyield.root"	1762697770
"/group/nu/ninja/work/otani/FROST_beamdata/test/rootfile_aftercalib/run00103_450000_459999_lightyield.root"	1762698811
"/group/nu/ninja/work/otani/FROST_beamdata/test/rootfile_aftercalib/run00103_470000_479999_lightyield.root"	1762698858
"/group/nu/ninja/work/otani/FROST_beamdata/test/rootfile_aftercalib/run00106_130000_139999_lightyield.root"	1763087424
"/group/nu/ninja/work/otani/FROST_beamdata/test/rootfile_aftercalib/run00106_290000_299999_lightyield.root"	1763242619
"/group/nu/ninja/work/otani/FROST_beamdata/test/rootfile_aftercalib/run00106_360000_369999_lightyield.root"	1763331369
"/group/nu/ninja/work/otani/FROST_beamdata/test/rootfile_aftercalib/run00106_320000_329999_lightyield.root"	1763279804
"/group/nu/ninja/work/otani/FROST_beamdata/test/rootfile_aftercalib/run00103_30000_39999_lightyield.root"	1762697817
"/group/nu/ninja/work/otani/FROST_beamdata/test/rootfile_aftercalib/run00103_80000_89999_lightyield.root"	1762697936
"/group/nu/ninja/work/otani/FROST_beamdata/test/rootfile_aftercalib/run00106_10000_19999_lightyield.root"	1763087001
"/group/nu/ninja/work/otani/FROST_beamdata/test/rootfile_aftercalib/run00103_40000_49999_lightyield.root"	1762697841
"/group/nu/ninja/work/otani/FROST_beamdata/test/rootfile_aftercalib/run00106_140000_149999_lightyield.root"	1763087514
"/group/nu/ninja/work/otani/FROST_beamdata/test/rootfile_aftercalib/run00103_310000_319999_lightyield.root"	1762698481
"/group/nu/ninja/work/otani/FROST_beamdata/test/rootfile_aftercalib/run00106_330000_339999_lightyield.root"	1763293040
"/group/nu/ninja/work/otani/FROST_beamdata/test/rootfile_aftercalib/run00103_380000_389999_lightyield.root"	1762698647
"/group/nu/ninja/work/otani/FROST_beamdata/test/rootfile_aftercalib/run00103_70000_79999_lightyield.root"	1762697912
"/group/nu/ninja/work/otani/FROST_beamdata/test/rootfile_aftercalib/run00103_430000_439999_lightyield.root"	1762698764
"/group/nu/ninja/work/otani/FROST_beamdata/test/rootfile_aftercalib/run00103_140000_149999_lightyield.root"	1762698077
"/group/nu/ninja/work/otani/FROST_beamdata/test/rootfile_aftercalib/run00103_150000_159999_lightyield.root"	1762698101
"/group/nu/ninja/work/otani/FROST_beamdata/test/rootfile_aftercalib/run00106_200000_209999_lightyield.root"	1763179997
"/group/nu/ninja/work/otani/FROST_beamdata/test/rootfile_aftercalib/run00106_120000_129999_lightyield.root"	1763087394
"/group/nu/ninja/work/otani/FROST_beamdata/test/rootfile_aftercalib/run00103_210000_219999_lightyield.root"	1762698244
"/group/nu/ninja/work/otani/FROST_beamdata/test/rootfile_aftercalib/run00106_260000_269999_lightyield.root"	1763204230
"/group/nu/ninja/work/otani/FROST_beamdata/test/rootfile_aftercalib/run00106_100000_109999_lightyield.root"	1763087333
"/group/nu/ninja/work/otani/FROST_beamdata/test/rootfile_aftercalib/run00103_110000_119999_lightyield.root"	1762698006
"/group/nu/ninja/work/otani/FROST_beamdata/test/rootfile_aftercalib/run00106_230000_239999_lightyield.root"	1763180094
"/group/nu/ninja/work/otani/FROST_beamdata/test/rootfile_aftercalib/run00105_lightyield.root"	1763086941
"/group/nu/ninja/work/otani/FROST_beamdata/test/rootfile_aftercalib/run00106_300000_309999_lightyield.root"	1763255075
"/group/nu/ninja/work/otani/FROST_beamdata/test/rootfile_aftercalib/run00103_20000_29999_lightyield.root"	1762697794
"/group/nu/ninja/work/otani/FROST_beamdata/test/rootfile_aftercalib/run00103_440000_449999_lightyield.root"	1762698787
"/group/nu/ninja/work/otani/FROST_beamdata/test/rootfile_aftercalib/run00106_190000_199999_lightyield.root"	1763179964
"/group/nu/ninja/work/otani/FROST_beamdata/test/rootfile_aftercalib/run00103_460000_469999_lightyield.root"	1762698834
"/group/nu/ninja/work/otani/FROST_beamdata/test/rootfile_aftercalib/run00103_120000_129999_lightyield.root"	1762698030
"/group/nu/ninja/work/otani/FROST_beamdata/test/rootfile_aftercalib/run00103_300000_309999_lightyield.root"	1762698457
"/group/nu/ninja/work/otani/FROST_beamdata/test/rootfile_aftercalib/run00106_350000_359999_lightyield.root"	1763318790
"/group/nu/ninja/work/otani/FROST_beamdata/test/rootfile_aftercalib/run00103_420000_429999_lightyield.root"	1762698740
"/group/nu/ninja/work/otani/FROST_beamdata/test/rootfile_aftercalib/run00106_280000_289999_lightyield.root"	1763229322
"/group/nu/ninja/work/otani/FROST_beamdata/test/rootfile_aftercalib/run00106_220000_229999_lightyield.root"	1763180061
"/group/nu/ninja/work/otani/FROST_beamdata/test/rootfile_aftercalib/run00106_150000_159999_lightyield.root"	1763087545
"/group/nu/ninja/work/otani/FROST_beamdata/test/rootfile_aftercalib/run00106_80000_89999_lightyield.root"	1763087273
"/group/nu/ninja/work/otani/FROST_beamdata/test/rootfile_aftercalib/run00103_250000_259999_lightyield.root"	1762698339
"/group/nu/ninja/work/otani/FROST_beamdata/test/rootfile_aftercalib/run00106_250000_259999_lightyield.root"	1763190515
"/group/nu/ninja/work/otani/FROST_beamdata/test/rootfile_aftercalib/run00106_240000_249999_lightyield.root"	1763180126
