#cablenum, average light yield [p.e.], # of events over 10 p.e.
1, 74.2176, 309
2, 53.5141, 403
3, 49.7891, 351
4, 58.0814, 419
5, 58.99, 405
6, 51.3306, 401
7, 57.9575, 360
8, 45.5248, 308
9, 62.7022, 402
10, 47.0649, 345
11, 60.7373, 362
12, 54.7562, 347
13, 56.169, 360
14, 63.9243, 385
15, 46.152, 312
16, 46.6024, 287
17, 50.2171, 326
18, 54.7412, 321
19, 52.0881, 328
20, 44.0209, 305
21, 45.6051, 308
22, 50.3916, 314
23, 47.8844, 310
24, 55.7727, 363
25, 43.6026, 285
26, 51.741, 309
27, 49.8444, 327
28, 60.6662, 441
29, 50.4276, 328
30, 50.1655, 342
31, 55.5127, 353
32, 51.8531, 329
33, 46.932, 314
34, 57.4274, 359
35, 46.8628, 333
36, 48.6499, 323
37, 49.9865, 285
38, 55.434, 308
39, 45.4873, 309
40, 48.1376, 330
41, 54.6213, 377
42, 63.5276, 361
43, 50.8034, 313
44, 52.1391, 334
45, 49.5157, 349
46, 57.6204, 349
47, 59.2513, 347
48, 47.7842, 315
49, 48.1634, 371
50, 46.6644, 361
51, 48.5749, 320
52, 52.99, 359
53, 48.5556, 302
54, 52.4183, 314
55, 52.3557, 296
56, 69.0318, 429
57, 47.9511, 312
58, 48.9912, 312
59, 58.585, 332
60, 53.4988, 307
61, 48.0288, 320
62, 58.6648, 322
63, 45.9537, 296
64, 51.4497, 293
65, 48.9403, 319
66, 50.7964, 306
67, 44.6503, 284
68, 48.7236, 314
69, 47.6608, 344
70, 58.983, 376
71, 44.9038, 299
72, 41.1909, 250
73, 54.3425, 303
74, 55.4695, 305
75, 52.1528, 293
76, 59.5905, 309
77, 55.3373, 316
78, 56.1865, 342
79, 56.3137, 309
80, 47.0175, 313
81, 48.985, 314
82, 46.6904, 327
83, 53.6306, 313
84, 60.7146, 392
85, 48.7148, 306
86, 56.3884, 317
87, 57.0639, 307
88, 53.8927, 323
89, 59.2917, 335
90, 47.174, 294
91, 51.169, 288
92, 48.9993, 278
93, 40.6728, 261
94, 55.3137, 316
95, 53.4548, 308
96, 52.3701, 313
97, 58.6632, 305
98, 67.4824, 393
99, 43.1602, 257
100, 52.4491, 308
101, 56.1519, 265
102, 54.4552, 326
103, 50.2507, 281
104, 52.4754, 290
105, 50.6402, 284
106, 47.3034, 300
107, 53.4309, 261
108, 54.61, 314
109, 49.6605, 305
110, 47.3197, 299
111, 72.1735, 374
112, 51.9098, 296
113, 52.0773, 303
114, 47.8839, 298
115, 59.35, 314
116, 48.7826, 301
117, 51.3318, 296
118, 53.0268, 296
119, 39.2302, 260
120, 52.4533, 346
121, 54.7318, 332
122, 53.0484, 290
123, 49.2258, 279
124, 63.427, 330
125, 46.6637, 251
126, 37.048, 229
127, 43.4787, 307
128, 51.166, 348
129, 45.7844, 306
130, 48.7283, 314
131, 49.1764, 294
132, 51.7862, 322
133, 49.4621, 267
134, 46.7963, 301
135, 57.3652, 348
136, 50.3247, 314
137, 48.9671, 281
138, 60.625, 322
139, 46.2935, 282
140, 51.0637, 208
201, 56.5003, 302
202, 48.8991, 375
203, 51.9012, 380
204, 45.3652, 329
205, 46.6445, 351
206, 40.5967, 350
207, 42.9348, 336
208, 46.452, 343
209, 40.6713, 328
210, 43.0649, 331
211, 42.2935, 329
212, 48.2299, 368
213, 44.6309, 371
214, 47.0367, 395
215, 45.0371, 383
216, 49.1016, 399
217, 43.824, 353
218, 44.0336, 335
219, 40.7519, 343
220, 49.6754, 352
221, 44.3857, 311
222, 45.9249, 327
223, 47.9019, 338
224, 45.1566, 344
225, 46.7068, 341
226, 56.2979, 384
227, 49.4146, 372
228, 46.853, 354
229, 46.728, 345
230, 51.1954, 357
231, 44.3358, 330
232, 48.6483, 347
233, 47.3989, 355
234, 47.7357, 327
235, 37.5868, 294
236, 46.1639, 287
237, 49.3321, 328
238, 47.566, 335
239, 48.2404, 328
240, 59.0537, 535
241, 44.003, 325
242, 48.1114, 322
243, 46.9813, 331
244, 45.7116, 288
245, 48.634, 303
246, 49.9492, 340
247, 46.5818, 318
248, 42.1028, 281
249, 39.9514, 264
250, 42.3833, 290
251, 46.5493, 330
252, 44.4038, 330
253, 49.5151, 335
254, 64.4421, 480
255, 50.5754, 337
256, 44.1733, 310
257, 47.3777, 339
258, 44.5657, 327
259, 44.2051, 310
260, 55.0596, 321
261, 50.2898, 351
262, 49.8771, 294
263, 44.3662, 274
264, 50.2049, 298
265, 49.0152, 301
266, 46.116, 283
267, 67.4489, 383
268, 46.8401, 285
269, 46.5775, 280
270, 52.3236, 322
271, 54.0425, 326
272, 45.6578, 273
273, 48.1789, 308
274, 45.591, 300
275, 54.4913, 311
276, 48.4556, 295
277, 48.9762, 328
278, 46.4498, 298
279, 46.9867, 269
280, 44.4036, 304
281, 48.6619, 280
282, 52.6189, 302
283, 44.127, 269
284, 47.7189, 324
285, 45.7659, 288
286, 46.9631, 302
287, 48.2604, 316
288, 50.1121, 343
289, 43.0951, 302
290, 46.9537, 289
291, 51.611, 307
292, 49.0309, 299
293, 52.5895, 319
294, 66.9562, 410
295, 43.3807, 279
296, 47.1614, 271
297, 51.462, 333
298, 45.9557, 291
299, 48.34, 308
300, 45.4831, 308
301, 50.6576, 284
302, 46.0778, 284
303, 40.982, 279
304, 47.0278, 298
305, 51.1035, 264
306, 49.2655, 293
307, 55.7503, 339
308, 51.2573, 304
309, 50.9383, 331
310, 50.0318, 293
311, 45.5035, 257
312, 49.9292, 295
313, 52.3564, 292
314, 46.7432, 277
315, 50.9967, 309
316, 46.2279, 272
317, 49.9843, 266
318, 44.1781, 261
319, 47.6513, 286
320, 52.0467, 320
321, 62.6178, 374
322, 49.2023, 308
323, 44.9015, 314
324, 45.8893, 299
325, 52.3012, 290
326, 46.1182, 276
327, 53.954, 287
328, 46.612, 250
329, 46.5027, 264
330, 47.7672, 264
331, 44.919, 262
332, 50.9556, 233
